Total Nacional;Comunidades y Ciudades Autónomas;Provincias;Régimen y estado;Periodo;Total
Total Nacional;;;Viviendas: Total;2007M01;83.713
Total Nacional;;;Viviendas: Total;2007M02;72.287
Total Nacional;;;Viviendas: Total;2007M03;74.023
Total Nacional;;;Viviendas: Total;2007M04;60.032
Total Nacional;;;Viviendas: Total;2007M05;75.883
Total Nacional;;;Viviendas: Total;2007M06;66.670
Total Nacional;;;Viviendas: Total;2007M07;63.731
Total Nacional;;;Viviendas: Total;2007M08;58.872
Total Nacional;;;Viviendas: Total;2007M09;61.723
Total Nacional;;;Viviendas: Total;2007M10;58.518
Total Nacional;;;Viviendas: Total;2007M11;56.188
Total Nacional;;;Viviendas: Total;2007M12;43.660
Total Nacional;;;Viviendas: Total;2008M01;61.825
Total Nacional;;;Viviendas: Total;2008M02;54.783
Total Nacional;;;Viviendas: Total;2008M03;45.659
Total Nacional;;;Viviendas: Total;2008M04;54.801
Total Nacional;;;Viviendas: Total;2008M05;49.647
Total Nacional;;;Viviendas: Total;2008M06;46.533
Total Nacional;;;Viviendas: Total;2008M07;45.500
Total Nacional;;;Viviendas: Total;2008M08;37.820
Total Nacional;;;Viviendas: Total;2008M09;45.453
Total Nacional;;;Viviendas: Total;2008M10;42.029
Total Nacional;;;Viviendas: Total;2008M11;35.774
Total Nacional;;;Viviendas: Total;2008M12;32.256
Total Nacional;;;Viviendas: Total;2009M01;37.475
Total Nacional;;;Viviendas: Total;2009M02;34.578
Total Nacional;;;Viviendas: Total;2009M03;34.470
Total Nacional;;;Viviendas: Total;2009M04;29.178
Total Nacional;;;Viviendas: Total;2009M05;33.756
Total Nacional;;;Viviendas: Total;2009M06;34.854
Total Nacional;;;Viviendas: Total;2009M07;37.669
Total Nacional;;;Viviendas: Total;2009M08;33.811
Total Nacional;;;Viviendas: Total;2009M09;37.604
Total Nacional;;;Viviendas: Total;2009M10;33.062
Total Nacional;;;Viviendas: Total;2009M11;34.927
Total Nacional;;;Viviendas: Total;2009M12;32.009
Total Nacional;;;Viviendas: Total;2010M01;37.650
Total Nacional;;;Viviendas: Total;2010M02;41.267
Total Nacional;;;Viviendas: Total;2010M03;37.566
Total Nacional;;;Viviendas: Total;2010M04;34.294
Total Nacional;;;Viviendas: Total;2010M05;37.711
Total Nacional;;;Viviendas: Total;2010M06;37.134
Total Nacional;;;Viviendas: Total;2010M07;43.561
Total Nacional;;;Viviendas: Total;2010M08;43.610
Total Nacional;;;Viviendas: Total;2010M09;36.070
Total Nacional;;;Viviendas: Total;2010M10;27.415
Total Nacional;;;Viviendas: Total;2010M11;32.193
Total Nacional;;;Viviendas: Total;2010M12;31.120
Total Nacional;;;Viviendas: Total;2011M01;44.874
Total Nacional;;;Viviendas: Total;2011M02;45.107
Total Nacional;;;Viviendas: Total;2011M03;32.952
Total Nacional;;;Viviendas: Total;2011M04;23.906
Total Nacional;;;Viviendas: Total;2011M05;30.855
Total Nacional;;;Viviendas: Total;2011M06;28.679
Total Nacional;;;Viviendas: Total;2011M07;28.097
Total Nacional;;;Viviendas: Total;2011M08;26.888
Total Nacional;;;Viviendas: Total;2011M09;25.751
Total Nacional;;;Viviendas: Total;2011M10;22.392
Total Nacional;;;Viviendas: Total;2011M11;27.323
Total Nacional;;;Viviendas: Total;2011M12;23.000
Total Nacional;;;Viviendas: Total;2012M01;33.364
Total Nacional;;;Viviendas: Total;2012M02;30.253
Total Nacional;;;Viviendas: Total;2012M03;25.267
Total Nacional;;;Viviendas: Total;2012M04;21.276
Total Nacional;;;Viviendas: Total;2012M05;27.219
Total Nacional;;;Viviendas: Total;2012M06;25.362
Total Nacional;;;Viviendas: Total;2012M07;27.072
Total Nacional;;;Viviendas: Total;2012M08;27.838
Total Nacional;;;Viviendas: Total;2012M09;26.054
Total Nacional;;;Viviendas: Total;2012M10;25.300
Total Nacional;;;Viviendas: Total;2012M11;25.968
Total Nacional;;;Viviendas: Total;2012M12;23.561
Total Nacional;;;Viviendas: Total;2013M01;39.920
Total Nacional;;;Viviendas: Total;2013M02;35.535
Total Nacional;;;Viviendas: Total;2013M03;22.018
Total Nacional;;;Viviendas: Total;2013M04;23.704
Total Nacional;;;Viviendas: Total;2013M05;26.692
Total Nacional;;;Viviendas: Total;2013M06;23.977
Total Nacional;;;Viviendas: Total;2013M07;25.819
Total Nacional;;;Viviendas: Total;2013M08;23.787
Total Nacional;;;Viviendas: Total;2013M09;23.767
Total Nacional;;;Viviendas: Total;2013M10;22.812
Total Nacional;;;Viviendas: Total;2013M11;22.099
Total Nacional;;;Viviendas: Total;2013M12;22.463
Total Nacional;;;Viviendas: Total;2014M01;30.493
Total Nacional;;;Viviendas: Total;2014M02;25.720
Total Nacional;;;Viviendas: Total;2014M03;26.727
Total Nacional;;;Viviendas: Total;2014M04;24.891
Total Nacional;;;Viviendas: Total;2014M05;27.791
Total Nacional;;;Viviendas: Total;2014M06;26.132
Total Nacional;;;Viviendas: Total;2014M07;28.731
Total Nacional;;;Viviendas: Total;2014M08;23.645
Total Nacional;;;Viviendas: Total;2014M09;26.980
Total Nacional;;;Viviendas: Total;2014M10;26.583
Total Nacional;;;Viviendas: Total;2014M11;25.268
Total Nacional;;;Viviendas: Total;2014M12;25.869
Total Nacional;;;Viviendas: Total;2015M01;33.379
Total Nacional;;;Viviendas: Total;2015M02;30.032
Total Nacional;;;Viviendas: Total;2015M03;27.337
Total Nacional;;;Viviendas: Total;2015M04;27.284
Total Nacional;;;Viviendas: Total;2015M05;29.467
Total Nacional;;;Viviendas: Total;2015M06;30.861
Total Nacional;;;Viviendas: Total;2015M07;32.736
Total Nacional;;;Viviendas: Total;2015M08;29.512
Total Nacional;;;Viviendas: Total;2015M09;30.867
Total Nacional;;;Viviendas: Total;2015M10;27.564
Total Nacional;;;Viviendas: Total;2015M11;28.808
Total Nacional;;;Viviendas: Total;2015M12;27.709
Total Nacional;;;Viviendas: Total;2016M01;32.569
Total Nacional;;;Viviendas: Total;2016M02;35.174
Total Nacional;;;Viviendas: Total;2016M03;31.877
Total Nacional;;;Viviendas: Total;2016M04;35.256
Total Nacional;;;Viviendas: Total;2016M05;36.406
Total Nacional;;;Viviendas: Total;2016M06;37.000
Total Nacional;;;Viviendas: Total;2016M07;33.257
Total Nacional;;;Viviendas: Total;2016M08;35.586
Total Nacional;;;Viviendas: Total;2016M09;34.797
Total Nacional;;;Viviendas: Total;2016M10;29.608
Total Nacional;;;Viviendas: Total;2016M11;34.347
Total Nacional;;;Viviendas: Total;2016M12;29.508
Total Nacional;;;Viviendas: Total;2017M01;38.410
Total Nacional;;;Viviendas: Total;2017M02;35.699
Total Nacional;;;Viviendas: Total;2017M03;40.856
Total Nacional;;;Viviendas: Total;2017M04;32.393
Total Nacional;;;Viviendas: Total;2017M05;45.080
Total Nacional;;;Viviendas: Total;2017M06;43.922
Total Nacional;;;Viviendas: Total;2017M07;39.500
Total Nacional;;;Viviendas: Total;2017M08;41.577
Total Nacional;;;Viviendas: Total;2017M09;38.992
Total Nacional;;;Viviendas: Total;2017M10;37.594
Total Nacional;;;Viviendas: Total;2017M11;41.016
Total Nacional;;;Viviendas: Total;2017M12;32.605
Total Nacional;;;Viviendas: Total;2018M01;47.735
Total Nacional;;;Viviendas: Total;2018M02;41.497
Total Nacional;;;Viviendas: Total;2018M03;39.932
Total Nacional;;;Viviendas: Total;2018M04;42.363
Total Nacional;;;Viviendas: Total;2018M05;47.052
Total Nacional;;;Viviendas: Total;2018M06;44.990
Total Nacional;;;Viviendas: Total;2018M07;46.148
Total Nacional;;;Viviendas: Total;2018M08;44.834
Total Nacional;;;Viviendas: Total;2018M09;43.174
Total Nacional;;;Viviendas: Total;2018M10;43.482
Total Nacional;;;Viviendas: Total;2018M11;42.623
Total Nacional;;;Viviendas: Total;2018M12;34.154
Total Nacional;;;Viviendas: Total;2019M01;48.202
Total Nacional;;;Viviendas: Total;2019M02;44.064
Total Nacional;;;Viviendas: Total;2019M03;42.765
Total Nacional;;;Viviendas: Total;2019M04;41.199
Total Nacional;;;Viviendas: Total;2019M05;48.351
Total Nacional;;;Viviendas: Total;2019M06;41.437
Total Nacional;;;Viviendas: Total;2019M07;48.337
Total Nacional;;;Viviendas: Total;2019M08;35.723
Total Nacional;;;Viviendas: Total;2019M09;38.279
Total Nacional;;;Viviendas: Total;2019M10;43.356
Total Nacional;;;Viviendas: Total;2019M11;38.919
Total Nacional;;;Viviendas: Total;2019M12;34.835
Total Nacional;;;Viviendas: Total;2020M01;47.017
Total Nacional;;;Viviendas: Total;2020M02;45.102
Total Nacional;;;Viviendas: Total;2020M03;35.745
Total Nacional;;;Viviendas: Total;2020M04;25.439
Total Nacional;;;Viviendas: Total;2020M05;22.652
Total Nacional;;;Viviendas: Total;2020M06;27.788
Total Nacional;;;Viviendas: Total;2020M07;32.751
Total Nacional;;;Viviendas: Total;2020M08;31.592
Total Nacional;;;Viviendas: Total;2020M09;37.982
Total Nacional;;;Viviendas: Total;2020M10;37.832
Total Nacional;;;Viviendas: Total;2020M11;40.119
Total Nacional;;;Viviendas: Total;2020M12;36.219
Total Nacional;;;Viviendas: Total;2021M01;40.213
Total Nacional;;;Viviendas: Total;2021M02;43.251
Total Nacional;;;Viviendas: Total;2021M03;47.188
Total Nacional;;;Viviendas: Total;2021M04;42.328
Total Nacional;;;Viviendas: Total;2021M05;47.036
Total Nacional;;;Viviendas: Total;2021M06;48.815
Total Nacional;;;Viviendas: Total;2021M07;49.732
Total Nacional;;;Viviendas: Total;2021M08;49.899
Total Nacional;;;Viviendas: Total;2021M09;53.619
Total Nacional;;;Viviendas: Total;2021M10;46.346
Total Nacional;;;Viviendas: Total;2021M11;49.779
Total Nacional;;;Viviendas: Total;2021M12;48.279
Total Nacional;;;Viviendas: Total;2022M01;52.902
Total Nacional;;;Viviendas: Total;2022M02;53.739
Total Nacional;;;Viviendas: Total;2022M03;59.158
Total Nacional;;;Viviendas: Total;2022M04;47.139
Total Nacional;;;Viviendas: Total;2022M05;59.984
Total Nacional;;;Viviendas: Total;2022M06;57.686
Total Nacional;;;Viviendas: Total;2022M07;53.987
Total Nacional;;;Viviendas: Total;2022M08;57.548
Total Nacional;;;Viviendas: Total;2022M09;57.757
Total Nacional;;;Viviendas: Total;2022M10;51.628
Total Nacional;;;Viviendas: Total;2022M11;55.245
Total Nacional;;;Viviendas: Total;2022M12;43.492
Total Nacional;;;Viviendas: Total;2023M01;55.496
Total Nacional;;;Viviendas: Total;2023M02;49.915
Total Nacional;;;Viviendas: Total;2023M03;55.599
Total Nacional;;;Viviendas: Total;2023M04;42.799
Total Nacional;;;Viviendas: Total;2023M05;56.096
Total Nacional;;;Viviendas: Total;2023M06;53.367
Total Nacional;;;Viviendas: Total;2023M07;47.984
Total Nacional;;;Viviendas: Total;2023M08;49.014
Total Nacional;;;Viviendas: Total;2023M09;43.739
Total Nacional;;;Viviendas: Total;2023M10;45.879
Total Nacional;;;Viviendas: Total;2023M11;47.203
Total Nacional;;;Viviendas: Total;2023M12;36.560
Total Nacional;;;Viviendas: Total;2024M01;54.635
Total Nacional;;;Viviendas: Total;2024M02;52.796
Total Nacional;;;Viviendas: Total;2024M03;44.878
Total Nacional;;;Viviendas: Total;2024M04;53.091
Total Nacional;;;Viviendas: Total;2024M05;44.013
Total Nacional;;;Viviendas: Total;2024M06;50.099
Total Nacional;;;Viviendas: Total;2024M07;57.302
Total Nacional;;;Viviendas: Total;2024M08;49.453
Total Nacional;;;Viviendas: Total;2024M09;61.887
Total Nacional;;;Viviendas: Total;2024M10;69.418
Total Nacional;;;Viviendas: Total;2024M11;54.299
Total Nacional;;;Viviendas: Total;2024M12;50.337
Total Nacional;;;Viviendas: Total;2025M01;60.650
Total Nacional;;;Vivienda nueva;2007M01;33.480
Total Nacional;;;Vivienda nueva;2007M02;29.784
Total Nacional;;;Vivienda nueva;2007M03;30.403
Total Nacional;;;Vivienda nueva;2007M04;24.549
Total Nacional;;;Vivienda nueva;2007M05;31.334
Total Nacional;;;Vivienda nueva;2007M06;27.263
Total Nacional;;;Vivienda nueva;2007M07;26.816
Total Nacional;;;Vivienda nueva;2007M08;25.437
Total Nacional;;;Vivienda nueva;2007M09;27.658
Total Nacional;;;Vivienda nueva;2007M10;25.492
Total Nacional;;;Vivienda nueva;2007M11;24.245
Total Nacional;;;Vivienda nueva;2007M12;19.921
Total Nacional;;;Vivienda nueva;2008M01;28.956
Total Nacional;;;Vivienda nueva;2008M02;25.952
Total Nacional;;;Vivienda nueva;2008M03;22.133
Total Nacional;;;Vivienda nueva;2008M04;26.693
Total Nacional;;;Vivienda nueva;2008M05;24.392
Total Nacional;;;Vivienda nueva;2008M06;22.510
Total Nacional;;;Vivienda nueva;2008M07;22.618
Total Nacional;;;Vivienda nueva;2008M08;19.858
Total Nacional;;;Vivienda nueva;2008M09;25.011
Total Nacional;;;Vivienda nueva;2008M10;23.315
Total Nacional;;;Vivienda nueva;2008M11;19.153
Total Nacional;;;Vivienda nueva;2008M12;17.443
Total Nacional;;;Vivienda nueva;2009M01;20.493
Total Nacional;;;Vivienda nueva;2009M02;18.682
Total Nacional;;;Vivienda nueva;2009M03;19.111
Total Nacional;;;Vivienda nueva;2009M04;15.540
Total Nacional;;;Vivienda nueva;2009M05;17.537
Total Nacional;;;Vivienda nueva;2009M06;18.343
Total Nacional;;;Vivienda nueva;2009M07;19.487
Total Nacional;;;Vivienda nueva;2009M08;18.494
Total Nacional;;;Vivienda nueva;2009M09;20.076
Total Nacional;;;Vivienda nueva;2009M10;16.488
Total Nacional;;;Vivienda nueva;2009M11;18.070
Total Nacional;;;Vivienda nueva;2009M12;16.454
Total Nacional;;;Vivienda nueva;2010M01;19.009
Total Nacional;;;Vivienda nueva;2010M02;21.341
Total Nacional;;;Vivienda nueva;2010M03;18.440
Total Nacional;;;Vivienda nueva;2010M04;16.967
Total Nacional;;;Vivienda nueva;2010M05;18.983
Total Nacional;;;Vivienda nueva;2010M06;17.721
Total Nacional;;;Vivienda nueva;2010M07;22.529
Total Nacional;;;Vivienda nueva;2010M08;23.009
Total Nacional;;;Vivienda nueva;2010M09;18.155
Total Nacional;;;Vivienda nueva;2010M10;13.360
Total Nacional;;;Vivienda nueva;2010M11;15.509
Total Nacional;;;Vivienda nueva;2010M12;15.589
Total Nacional;;;Vivienda nueva;2011M01;21.676
Total Nacional;;;Vivienda nueva;2011M02;22.384
Total Nacional;;;Vivienda nueva;2011M03;16.119
Total Nacional;;;Vivienda nueva;2011M04;11.340
Total Nacional;;;Vivienda nueva;2011M05;14.612
Total Nacional;;;Vivienda nueva;2011M06;13.811
Total Nacional;;;Vivienda nueva;2011M07;13.313
Total Nacional;;;Vivienda nueva;2011M08;13.105
Total Nacional;;;Vivienda nueva;2011M09;12.750
Total Nacional;;;Vivienda nueva;2011M10;10.851
Total Nacional;;;Vivienda nueva;2011M11;13.461
Total Nacional;;;Vivienda nueva;2011M12;10.877
Total Nacional;;;Vivienda nueva;2012M01;17.824
Total Nacional;;;Vivienda nueva;2012M02;15.898
Total Nacional;;;Vivienda nueva;2012M03;11.972
Total Nacional;;;Vivienda nueva;2012M04;9.728
Total Nacional;;;Vivienda nueva;2012M05;12.892
Total Nacional;;;Vivienda nueva;2012M06;11.936
Total Nacional;;;Vivienda nueva;2012M07;12.881
Total Nacional;;;Vivienda nueva;2012M08;13.960
Total Nacional;;;Vivienda nueva;2012M09;12.828
Total Nacional;;;Vivienda nueva;2012M10;12.224
Total Nacional;;;Vivienda nueva;2012M11;12.604
Total Nacional;;;Vivienda nueva;2012M12;11.143
Total Nacional;;;Vivienda nueva;2013M01;20.040
Total Nacional;;;Vivienda nueva;2013M02;18.451
Total Nacional;;;Vivienda nueva;2013M03;10.422
Total Nacional;;;Vivienda nueva;2013M04;10.087
Total Nacional;;;Vivienda nueva;2013M05;11.817
Total Nacional;;;Vivienda nueva;2013M06;10.125
Total Nacional;;;Vivienda nueva;2013M07;11.321
Total Nacional;;;Vivienda nueva;2013M08;10.398
Total Nacional;;;Vivienda nueva;2013M09;10.605
Total Nacional;;;Vivienda nueva;2013M10;9.903
Total Nacional;;;Vivienda nueva;2013M11;9.787
Total Nacional;;;Vivienda nueva;2013M12;10.815
Total Nacional;;;Vivienda nueva;2014M01;14.303
Total Nacional;;;Vivienda nueva;2014M02;11.345
Total Nacional;;;Vivienda nueva;2014M03;11.156
Total Nacional;;;Vivienda nueva;2014M04;10.445
Total Nacional;;;Vivienda nueva;2014M05;10.619
Total Nacional;;;Vivienda nueva;2014M06;9.561
Total Nacional;;;Vivienda nueva;2014M07;10.333
Total Nacional;;;Vivienda nueva;2014M08;8.082
Total Nacional;;;Vivienda nueva;2014M09;8.890
Total Nacional;;;Vivienda nueva;2014M10;8.089
Total Nacional;;;Vivienda nueva;2014M11;7.543
Total Nacional;;;Vivienda nueva;2014M12;7.153
Total Nacional;;;Vivienda nueva;2015M01;8.912
Total Nacional;;;Vivienda nueva;2015M02;7.846
Total Nacional;;;Vivienda nueva;2015M03;6.594
Total Nacional;;;Vivienda nueva;2015M04;6.097
Total Nacional;;;Vivienda nueva;2015M05;6.252
Total Nacional;;;Vivienda nueva;2015M06;6.454
Total Nacional;;;Vivienda nueva;2015M07;6.415
Total Nacional;;;Vivienda nueva;2015M08;5.925
Total Nacional;;;Vivienda nueva;2015M09;6.091
Total Nacional;;;Vivienda nueva;2015M10;5.381
Total Nacional;;;Vivienda nueva;2015M11;5.438
Total Nacional;;;Vivienda nueva;2015M12;5.549
Total Nacional;;;Vivienda nueva;2016M01;6.372
Total Nacional;;;Vivienda nueva;2016M02;7.690
Total Nacional;;;Vivienda nueva;2016M03;6.075
Total Nacional;;;Vivienda nueva;2016M04;7.131
Total Nacional;;;Vivienda nueva;2016M05;6.867
Total Nacional;;;Vivienda nueva;2016M06;6.592
Total Nacional;;;Vivienda nueva;2016M07;6.037
Total Nacional;;;Vivienda nueva;2016M08;6.099
Total Nacional;;;Vivienda nueva;2016M09;5.992
Total Nacional;;;Vivienda nueva;2016M10;5.349
Total Nacional;;;Vivienda nueva;2016M11;5.762
Total Nacional;;;Vivienda nueva;2016M12;5.168
Total Nacional;;;Vivienda nueva;2017M01;6.697
Total Nacional;;;Vivienda nueva;2017M02;6.459
Total Nacional;;;Vivienda nueva;2017M03;7.384
Total Nacional;;;Vivienda nueva;2017M04;5.494
Total Nacional;;;Vivienda nueva;2017M05;7.602
Total Nacional;;;Vivienda nueva;2017M06;7.706
Total Nacional;;;Vivienda nueva;2017M07;6.981
Total Nacional;;;Vivienda nueva;2017M08;7.457
Total Nacional;;;Vivienda nueva;2017M09;7.299
Total Nacional;;;Vivienda nueva;2017M10;6.914
Total Nacional;;;Vivienda nueva;2017M11;7.453
Total Nacional;;;Vivienda nueva;2017M12;5.794
Total Nacional;;;Vivienda nueva;2018M01;8.330
Total Nacional;;;Vivienda nueva;2018M02;7.457
Total Nacional;;;Vivienda nueva;2018M03;7.023
Total Nacional;;;Vivienda nueva;2018M04;7.025
Total Nacional;;;Vivienda nueva;2018M05;8.236
Total Nacional;;;Vivienda nueva;2018M06;7.814
Total Nacional;;;Vivienda nueva;2018M07;7.613
Total Nacional;;;Vivienda nueva;2018M08;8.136
Total Nacional;;;Vivienda nueva;2018M09;8.041
Total Nacional;;;Vivienda nueva;2018M10;7.935
Total Nacional;;;Vivienda nueva;2018M11;7.961
Total Nacional;;;Vivienda nueva;2018M12;6.145
Total Nacional;;;Vivienda nueva;2019M01;9.303
Total Nacional;;;Vivienda nueva;2019M02;8.770
Total Nacional;;;Vivienda nueva;2019M03;7.996
Total Nacional;;;Vivienda nueva;2019M04;7.560
Total Nacional;;;Vivienda nueva;2019M05;8.327
Total Nacional;;;Vivienda nueva;2019M06;7.192
Total Nacional;;;Vivienda nueva;2019M07;8.588
Total Nacional;;;Vivienda nueva;2019M08;6.359
Total Nacional;;;Vivienda nueva;2019M09;6.490
Total Nacional;;;Vivienda nueva;2019M10;8.103
Total Nacional;;;Vivienda nueva;2019M11;7.701
Total Nacional;;;Vivienda nueva;2019M12;6.557
Total Nacional;;;Vivienda nueva;2020M01;8.447
Total Nacional;;;Vivienda nueva;2020M02;9.116
Total Nacional;;;Vivienda nueva;2020M03;6.650
Total Nacional;;;Vivienda nueva;2020M04;4.676
Total Nacional;;;Vivienda nueva;2020M05;4.277
Total Nacional;;;Vivienda nueva;2020M06;5.474
Total Nacional;;;Vivienda nueva;2020M07;6.783
Total Nacional;;;Vivienda nueva;2020M08;6.818
Total Nacional;;;Vivienda nueva;2020M09;8.404
Total Nacional;;;Vivienda nueva;2020M10;7.682
Total Nacional;;;Vivienda nueva;2020M11;7.924
Total Nacional;;;Vivienda nueva;2020M12;7.310
Total Nacional;;;Vivienda nueva;2021M01;8.525
Total Nacional;;;Vivienda nueva;2021M02;10.002
Total Nacional;;;Vivienda nueva;2021M03;9.949
Total Nacional;;;Vivienda nueva;2021M04;8.501
Total Nacional;;;Vivienda nueva;2021M05;9.044
Total Nacional;;;Vivienda nueva;2021M06;9.167
Total Nacional;;;Vivienda nueva;2021M07;9.262
Total Nacional;;;Vivienda nueva;2021M08;9.536
Total Nacional;;;Vivienda nueva;2021M09;10.909
Total Nacional;;;Vivienda nueva;2021M10;9.349
Total Nacional;;;Vivienda nueva;2021M11;10.243
Total Nacional;;;Vivienda nueva;2021M12;9.543
Total Nacional;;;Vivienda nueva;2022M01;10.070
Total Nacional;;;Vivienda nueva;2022M02;10.925
Total Nacional;;;Vivienda nueva;2022M03;11.317
Total Nacional;;;Vivienda nueva;2022M04;8.615
Total Nacional;;;Vivienda nueva;2022M05;10.242
Total Nacional;;;Vivienda nueva;2022M06;9.457
Total Nacional;;;Vivienda nueva;2022M07;8.924
Total Nacional;;;Vivienda nueva;2022M08;10.164
Total Nacional;;;Vivienda nueva;2022M09;10.181
Total Nacional;;;Vivienda nueva;2022M10;8.781
Total Nacional;;;Vivienda nueva;2022M11;9.978
Total Nacional;;;Vivienda nueva;2022M12;7.804
Total Nacional;;;Vivienda nueva;2023M01;10.571
Total Nacional;;;Vivienda nueva;2023M02;9.541
Total Nacional;;;Vivienda nueva;2023M03;10.364
Total Nacional;;;Vivienda nueva;2023M04;8.087
Total Nacional;;;Vivienda nueva;2023M05;10.635
Total Nacional;;;Vivienda nueva;2023M06;10.119
Total Nacional;;;Vivienda nueva;2023M07;8.154
Total Nacional;;;Vivienda nueva;2023M08;9.231
Total Nacional;;;Vivienda nueva;2023M09;8.088
Total Nacional;;;Vivienda nueva;2023M10;8.846
Total Nacional;;;Vivienda nueva;2023M11;8.975
Total Nacional;;;Vivienda nueva;2023M12;6.870
Total Nacional;;;Vivienda nueva;2024M01;10.823
Total Nacional;;;Vivienda nueva;2024M02;11.528
Total Nacional;;;Vivienda nueva;2024M03;8.917
Total Nacional;;;Vivienda nueva;2024M04;10.649
Total Nacional;;;Vivienda nueva;2024M05;9.105
Total Nacional;;;Vivienda nueva;2024M06;10.209
Total Nacional;;;Vivienda nueva;2024M07;11.302
Total Nacional;;;Vivienda nueva;2024M08;9.929
Total Nacional;;;Vivienda nueva;2024M09;12.531
Total Nacional;;;Vivienda nueva;2024M10;16.224
Total Nacional;;;Vivienda nueva;2024M11;12.328
Total Nacional;;;Vivienda nueva;2024M12;11.381
Total Nacional;;;Vivienda nueva;2025M01;14.164
Total Nacional;;;Vivienda usada;2007M01;50.233
Total Nacional;;;Vivienda usada;2007M02;42.503
Total Nacional;;;Vivienda usada;2007M03;43.620
Total Nacional;;;Vivienda usada;2007M04;35.483
Total Nacional;;;Vivienda usada;2007M05;44.549
Total Nacional;;;Vivienda usada;2007M06;39.407
Total Nacional;;;Vivienda usada;2007M07;36.915
Total Nacional;;;Vivienda usada;2007M08;33.435
Total Nacional;;;Vivienda usada;2007M09;34.065
Total Nacional;;;Vivienda usada;2007M10;33.026
Total Nacional;;;Vivienda usada;2007M11;31.943
Total Nacional;;;Vivienda usada;2007M12;23.739
Total Nacional;;;Vivienda usada;2008M01;32.869
Total Nacional;;;Vivienda usada;2008M02;28.831
Total Nacional;;;Vivienda usada;2008M03;23.526
Total Nacional;;;Vivienda usada;2008M04;28.108
Total Nacional;;;Vivienda usada;2008M05;25.255
Total Nacional;;;Vivienda usada;2008M06;24.023
Total Nacional;;;Vivienda usada;2008M07;22.882
Total Nacional;;;Vivienda usada;2008M08;17.962
Total Nacional;;;Vivienda usada;2008M09;20.442
Total Nacional;;;Vivienda usada;2008M10;18.714
Total Nacional;;;Vivienda usada;2008M11;16.621
Total Nacional;;;Vivienda usada;2008M12;14.813
Total Nacional;;;Vivienda usada;2009M01;16.982
Total Nacional;;;Vivienda usada;2009M02;15.896
Total Nacional;;;Vivienda usada;2009M03;15.359
Total Nacional;;;Vivienda usada;2009M04;13.638
Total Nacional;;;Vivienda usada;2009M05;16.219
Total Nacional;;;Vivienda usada;2009M06;16.511
Total Nacional;;;Vivienda usada;2009M07;18.182
Total Nacional;;;Vivienda usada;2009M08;15.317
Total Nacional;;;Vivienda usada;2009M09;17.528
Total Nacional;;;Vivienda usada;2009M10;16.574
Total Nacional;;;Vivienda usada;2009M11;16.857
Total Nacional;;;Vivienda usada;2009M12;15.555
Total Nacional;;;Vivienda usada;2010M01;18.641
Total Nacional;;;Vivienda usada;2010M02;19.926
Total Nacional;;;Vivienda usada;2010M03;19.126
Total Nacional;;;Vivienda usada;2010M04;17.327
Total Nacional;;;Vivienda usada;2010M05;18.728
Total Nacional;;;Vivienda usada;2010M06;19.413
Total Nacional;;;Vivienda usada;2010M07;21.032
Total Nacional;;;Vivienda usada;2010M08;20.601
Total Nacional;;;Vivienda usada;2010M09;17.915
Total Nacional;;;Vivienda usada;2010M10;14.055
Total Nacional;;;Vivienda usada;2010M11;16.684
Total Nacional;;;Vivienda usada;2010M12;15.531
Total Nacional;;;Vivienda usada;2011M01;23.198
Total Nacional;;;Vivienda usada;2011M02;22.723
Total Nacional;;;Vivienda usada;2011M03;16.833
Total Nacional;;;Vivienda usada;2011M04;12.566
Total Nacional;;;Vivienda usada;2011M05;16.243
Total Nacional;;;Vivienda usada;2011M06;14.868
Total Nacional;;;Vivienda usada;2011M07;14.784
Total Nacional;;;Vivienda usada;2011M08;13.783
Total Nacional;;;Vivienda usada;2011M09;13.001
Total Nacional;;;Vivienda usada;2011M10;11.541
Total Nacional;;;Vivienda usada;2011M11;13.862
Total Nacional;;;Vivienda usada;2011M12;12.123
Total Nacional;;;Vivienda usada;2012M01;15.540
Total Nacional;;;Vivienda usada;2012M02;14.355
Total Nacional;;;Vivienda usada;2012M03;13.295
Total Nacional;;;Vivienda usada;2012M04;11.548
Total Nacional;;;Vivienda usada;2012M05;14.327
Total Nacional;;;Vivienda usada;2012M06;13.426
Total Nacional;;;Vivienda usada;2012M07;14.191
Total Nacional;;;Vivienda usada;2012M08;13.878
Total Nacional;;;Vivienda usada;2012M09;13.226
Total Nacional;;;Vivienda usada;2012M10;13.076
Total Nacional;;;Vivienda usada;2012M11;13.364
Total Nacional;;;Vivienda usada;2012M12;12.418
Total Nacional;;;Vivienda usada;2013M01;19.880
Total Nacional;;;Vivienda usada;2013M02;17.084
Total Nacional;;;Vivienda usada;2013M03;11.596
Total Nacional;;;Vivienda usada;2013M04;13.617
Total Nacional;;;Vivienda usada;2013M05;14.875
Total Nacional;;;Vivienda usada;2013M06;13.852
Total Nacional;;;Vivienda usada;2013M07;14.498
Total Nacional;;;Vivienda usada;2013M08;13.389
Total Nacional;;;Vivienda usada;2013M09;13.162
Total Nacional;;;Vivienda usada;2013M10;12.909
Total Nacional;;;Vivienda usada;2013M11;12.312
Total Nacional;;;Vivienda usada;2013M12;11.648
Total Nacional;;;Vivienda usada;2014M01;16.190
Total Nacional;;;Vivienda usada;2014M02;14.375
Total Nacional;;;Vivienda usada;2014M03;15.571
Total Nacional;;;Vivienda usada;2014M04;14.446
Total Nacional;;;Vivienda usada;2014M05;17.172
Total Nacional;;;Vivienda usada;2014M06;16.571
Total Nacional;;;Vivienda usada;2014M07;18.398
Total Nacional;;;Vivienda usada;2014M08;15.563
Total Nacional;;;Vivienda usada;2014M09;18.090
Total Nacional;;;Vivienda usada;2014M10;18.494
Total Nacional;;;Vivienda usada;2014M11;17.725
Total Nacional;;;Vivienda usada;2014M12;18.716
Total Nacional;;;Vivienda usada;2015M01;24.467
Total Nacional;;;Vivienda usada;2015M02;22.186
Total Nacional;;;Vivienda usada;2015M03;20.743
Total Nacional;;;Vivienda usada;2015M04;21.187
Total Nacional;;;Vivienda usada;2015M05;23.215
Total Nacional;;;Vivienda usada;2015M06;24.407
Total Nacional;;;Vivienda usada;2015M07;26.321
Total Nacional;;;Vivienda usada;2015M08;23.587
Total Nacional;;;Vivienda usada;2015M09;24.776
Total Nacional;;;Vivienda usada;2015M10;22.183
Total Nacional;;;Vivienda usada;2015M11;23.370
Total Nacional;;;Vivienda usada;2015M12;22.160
Total Nacional;;;Vivienda usada;2016M01;26.197
Total Nacional;;;Vivienda usada;2016M02;27.484
Total Nacional;;;Vivienda usada;2016M03;25.802
Total Nacional;;;Vivienda usada;2016M04;28.125
Total Nacional;;;Vivienda usada;2016M05;29.539
Total Nacional;;;Vivienda usada;2016M06;30.408
Total Nacional;;;Vivienda usada;2016M07;27.220
Total Nacional;;;Vivienda usada;2016M08;29.487
Total Nacional;;;Vivienda usada;2016M09;28.805
Total Nacional;;;Vivienda usada;2016M10;24.259
Total Nacional;;;Vivienda usada;2016M11;28.585
Total Nacional;;;Vivienda usada;2016M12;24.340
Total Nacional;;;Vivienda usada;2017M01;31.713
Total Nacional;;;Vivienda usada;2017M02;29.240
Total Nacional;;;Vivienda usada;2017M03;33.472
Total Nacional;;;Vivienda usada;2017M04;26.899
Total Nacional;;;Vivienda usada;2017M05;37.478
Total Nacional;;;Vivienda usada;2017M06;36.216
Total Nacional;;;Vivienda usada;2017M07;32.519
Total Nacional;;;Vivienda usada;2017M08;34.120
Total Nacional;;;Vivienda usada;2017M09;31.693
Total Nacional;;;Vivienda usada;2017M10;30.680
Total Nacional;;;Vivienda usada;2017M11;33.563
Total Nacional;;;Vivienda usada;2017M12;26.811
Total Nacional;;;Vivienda usada;2018M01;39.405
Total Nacional;;;Vivienda usada;2018M02;34.040
Total Nacional;;;Vivienda usada;2018M03;32.909
Total Nacional;;;Vivienda usada;2018M04;35.338
Total Nacional;;;Vivienda usada;2018M05;38.816
Total Nacional;;;Vivienda usada;2018M06;37.176
Total Nacional;;;Vivienda usada;2018M07;38.535
Total Nacional;;;Vivienda usada;2018M08;36.698
Total Nacional;;;Vivienda usada;2018M09;35.133
Total Nacional;;;Vivienda usada;2018M10;35.547
Total Nacional;;;Vivienda usada;2018M11;34.662
Total Nacional;;;Vivienda usada;2018M12;28.009
Total Nacional;;;Vivienda usada;2019M01;38.899
Total Nacional;;;Vivienda usada;2019M02;35.294
Total Nacional;;;Vivienda usada;2019M03;34.769
Total Nacional;;;Vivienda usada;2019M04;33.639
Total Nacional;;;Vivienda usada;2019M05;40.024
Total Nacional;;;Vivienda usada;2019M06;34.245
Total Nacional;;;Vivienda usada;2019M07;39.749
Total Nacional;;;Vivienda usada;2019M08;29.364
Total Nacional;;;Vivienda usada;2019M09;31.789
Total Nacional;;;Vivienda usada;2019M10;35.253
Total Nacional;;;Vivienda usada;2019M11;31.218
Total Nacional;;;Vivienda usada;2019M12;28.278
Total Nacional;;;Vivienda usada;2020M01;38.570
Total Nacional;;;Vivienda usada;2020M02;35.986
Total Nacional;;;Vivienda usada;2020M03;29.095
Total Nacional;;;Vivienda usada;2020M04;20.763
Total Nacional;;;Vivienda usada;2020M05;18.375
Total Nacional;;;Vivienda usada;2020M06;22.314
Total Nacional;;;Vivienda usada;2020M07;25.968
Total Nacional;;;Vivienda usada;2020M08;24.774
Total Nacional;;;Vivienda usada;2020M09;29.578
Total Nacional;;;Vivienda usada;2020M10;30.150
Total Nacional;;;Vivienda usada;2020M11;32.195
Total Nacional;;;Vivienda usada;2020M12;28.909
Total Nacional;;;Vivienda usada;2021M01;31.688
Total Nacional;;;Vivienda usada;2021M02;33.249
Total Nacional;;;Vivienda usada;2021M03;37.239
Total Nacional;;;Vivienda usada;2021M04;33.827
Total Nacional;;;Vivienda usada;2021M05;37.992
Total Nacional;;;Vivienda usada;2021M06;39.648
Total Nacional;;;Vivienda usada;2021M07;40.470
Total Nacional;;;Vivienda usada;2021M08;40.363
Total Nacional;;;Vivienda usada;2021M09;42.710
Total Nacional;;;Vivienda usada;2021M10;36.997
Total Nacional;;;Vivienda usada;2021M11;39.536
Total Nacional;;;Vivienda usada;2021M12;38.736
Total Nacional;;;Vivienda usada;2022M01;42.832
Total Nacional;;;Vivienda usada;2022M02;42.814
Total Nacional;;;Vivienda usada;2022M03;47.841
Total Nacional;;;Vivienda usada;2022M04;38.524
Total Nacional;;;Vivienda usada;2022M05;49.742
Total Nacional;;;Vivienda usada;2022M06;48.229
Total Nacional;;;Vivienda usada;2022M07;45.063
Total Nacional;;;Vivienda usada;2022M08;47.384
Total Nacional;;;Vivienda usada;2022M09;47.576
Total Nacional;;;Vivienda usada;2022M10;42.847
Total Nacional;;;Vivienda usada;2022M11;45.267
Total Nacional;;;Vivienda usada;2022M12;35.688
Total Nacional;;;Vivienda usada;2023M01;44.925
Total Nacional;;;Vivienda usada;2023M02;40.374
Total Nacional;;;Vivienda usada;2023M03;45.235
Total Nacional;;;Vivienda usada;2023M04;34.712
Total Nacional;;;Vivienda usada;2023M05;45.461
Total Nacional;;;Vivienda usada;2023M06;43.248
Total Nacional;;;Vivienda usada;2023M07;39.830
Total Nacional;;;Vivienda usada;2023M08;39.783
Total Nacional;;;Vivienda usada;2023M09;35.651
Total Nacional;;;Vivienda usada;2023M10;37.033
Total Nacional;;;Vivienda usada;2023M11;38.228
Total Nacional;;;Vivienda usada;2023M12;29.690
Total Nacional;;;Vivienda usada;2024M01;43.812
Total Nacional;;;Vivienda usada;2024M02;41.268
Total Nacional;;;Vivienda usada;2024M03;35.961
Total Nacional;;;Vivienda usada;2024M04;42.442
Total Nacional;;;Vivienda usada;2024M05;34.908
Total Nacional;;;Vivienda usada;2024M06;39.890
Total Nacional;;;Vivienda usada;2024M07;46.000
Total Nacional;;;Vivienda usada;2024M08;39.524
Total Nacional;;;Vivienda usada;2024M09;49.356
Total Nacional;;;Vivienda usada;2024M10;53.194
Total Nacional;;;Vivienda usada;2024M11;41.971
Total Nacional;;;Vivienda usada;2024M12;38.956
Total Nacional;;;Vivienda usada;2025M01;46.486
Total Nacional;;;Vivienda libre;2007M01;76.462
Total Nacional;;;Vivienda libre;2007M02;66.065
Total Nacional;;;Vivienda libre;2007M03;67.730
Total Nacional;;;Vivienda libre;2007M04;54.446
Total Nacional;;;Vivienda libre;2007M05;68.858
Total Nacional;;;Vivienda libre;2007M06;61.034
Total Nacional;;;Vivienda libre;2007M07;58.335
Total Nacional;;;Vivienda libre;2007M08;54.089
Total Nacional;;;Vivienda libre;2007M09;56.729
Total Nacional;;;Vivienda libre;2007M10;53.201
Total Nacional;;;Vivienda libre;2007M11;51.469
Total Nacional;;;Vivienda libre;2007M12;39.828
Total Nacional;;;Vivienda libre;2008M01;56.799
Total Nacional;;;Vivienda libre;2008M02;50.704
Total Nacional;;;Vivienda libre;2008M03;41.518
Total Nacional;;;Vivienda libre;2008M04;49.817
Total Nacional;;;Vivienda libre;2008M05;45.489
Total Nacional;;;Vivienda libre;2008M06;42.241
Total Nacional;;;Vivienda libre;2008M07;41.188
Total Nacional;;;Vivienda libre;2008M08;34.492
Total Nacional;;;Vivienda libre;2008M09;40.912
Total Nacional;;;Vivienda libre;2008M10;38.345
Total Nacional;;;Vivienda libre;2008M11;32.388
Total Nacional;;;Vivienda libre;2008M12;28.878
Total Nacional;;;Vivienda libre;2009M01;33.173
Total Nacional;;;Vivienda libre;2009M02;30.803
Total Nacional;;;Vivienda libre;2009M03;30.803
Total Nacional;;;Vivienda libre;2009M04;26.267
Total Nacional;;;Vivienda libre;2009M05;30.257
Total Nacional;;;Vivienda libre;2009M06;31.471
Total Nacional;;;Vivienda libre;2009M07;34.243
Total Nacional;;;Vivienda libre;2009M08;30.858
Total Nacional;;;Vivienda libre;2009M09;33.320
Total Nacional;;;Vivienda libre;2009M10;30.002
Total Nacional;;;Vivienda libre;2009M11;31.388
Total Nacional;;;Vivienda libre;2009M12;28.563
Total Nacional;;;Vivienda libre;2010M01;33.489
Total Nacional;;;Vivienda libre;2010M02;35.924
Total Nacional;;;Vivienda libre;2010M03;33.516
Total Nacional;;;Vivienda libre;2010M04;30.569
Total Nacional;;;Vivienda libre;2010M05;33.632
Total Nacional;;;Vivienda libre;2010M06;33.411
Total Nacional;;;Vivienda libre;2010M07;38.501
Total Nacional;;;Vivienda libre;2010M08;38.907
Total Nacional;;;Vivienda libre;2010M09;31.783
Total Nacional;;;Vivienda libre;2010M10;23.931
Total Nacional;;;Vivienda libre;2010M11;28.288
Total Nacional;;;Vivienda libre;2010M12;27.086
Total Nacional;;;Vivienda libre;2011M01;39.626
Total Nacional;;;Vivienda libre;2011M02;38.887
Total Nacional;;;Vivienda libre;2011M03;27.907
Total Nacional;;;Vivienda libre;2011M04;20.837
Total Nacional;;;Vivienda libre;2011M05;26.655
Total Nacional;;;Vivienda libre;2011M06;24.658
Total Nacional;;;Vivienda libre;2011M07;24.629
Total Nacional;;;Vivienda libre;2011M08;23.309
Total Nacional;;;Vivienda libre;2011M09;22.012
Total Nacional;;;Vivienda libre;2011M10;19.762
Total Nacional;;;Vivienda libre;2011M11;23.793
Total Nacional;;;Vivienda libre;2011M12;19.960
Total Nacional;;;Vivienda libre;2012M01;28.702
Total Nacional;;;Vivienda libre;2012M02;25.904
Total Nacional;;;Vivienda libre;2012M03;21.958
Total Nacional;;;Vivienda libre;2012M04;18.837
Total Nacional;;;Vivienda libre;2012M05;24.370
Total Nacional;;;Vivienda libre;2012M06;22.182
Total Nacional;;;Vivienda libre;2012M07;23.758
Total Nacional;;;Vivienda libre;2012M08;25.162
Total Nacional;;;Vivienda libre;2012M09;22.568
Total Nacional;;;Vivienda libre;2012M10;22.447
Total Nacional;;;Vivienda libre;2012M11;23.232
Total Nacional;;;Vivienda libre;2012M12;20.928
Total Nacional;;;Vivienda libre;2013M01;34.848
Total Nacional;;;Vivienda libre;2013M02;30.721
Total Nacional;;;Vivienda libre;2013M03;19.268
Total Nacional;;;Vivienda libre;2013M04;21.294
Total Nacional;;;Vivienda libre;2013M05;24.104
Total Nacional;;;Vivienda libre;2013M06;21.463
Total Nacional;;;Vivienda libre;2013M07;23.543
Total Nacional;;;Vivienda libre;2013M08;21.483
Total Nacional;;;Vivienda libre;2013M09;21.280
Total Nacional;;;Vivienda libre;2013M10;20.686
Total Nacional;;;Vivienda libre;2013M11;20.278
Total Nacional;;;Vivienda libre;2013M12;18.463
Total Nacional;;;Vivienda libre;2014M01;26.864
Total Nacional;;;Vivienda libre;2014M02;23.275
Total Nacional;;;Vivienda libre;2014M03;24.129
Total Nacional;;;Vivienda libre;2014M04;22.155
Total Nacional;;;Vivienda libre;2014M05;25.055
Total Nacional;;;Vivienda libre;2014M06;23.620
Total Nacional;;;Vivienda libre;2014M07;25.911
Total Nacional;;;Vivienda libre;2014M08;21.336
Total Nacional;;;Vivienda libre;2014M09;24.024
Total Nacional;;;Vivienda libre;2014M10;24.025
Total Nacional;;;Vivienda libre;2014M11;22.770
Total Nacional;;;Vivienda libre;2014M12;23.105
Total Nacional;;;Vivienda libre;2015M01;29.688
Total Nacional;;;Vivienda libre;2015M02;26.740
Total Nacional;;;Vivienda libre;2015M03;24.450
Total Nacional;;;Vivienda libre;2015M04;24.230
Total Nacional;;;Vivienda libre;2015M05;26.496
Total Nacional;;;Vivienda libre;2015M06;27.686
Total Nacional;;;Vivienda libre;2015M07;29.463
Total Nacional;;;Vivienda libre;2015M08;26.625
Total Nacional;;;Vivienda libre;2015M09;27.812
Total Nacional;;;Vivienda libre;2015M10;24.967
Total Nacional;;;Vivienda libre;2015M11;25.982
Total Nacional;;;Vivienda libre;2015M12;25.002
Total Nacional;;;Vivienda libre;2016M01;29.294
Total Nacional;;;Vivienda libre;2016M02;31.346
Total Nacional;;;Vivienda libre;2016M03;28.478
Total Nacional;;;Vivienda libre;2016M04;31.591
Total Nacional;;;Vivienda libre;2016M05;32.527
Total Nacional;;;Vivienda libre;2016M06;33.513
Total Nacional;;;Vivienda libre;2016M07;29.776
Total Nacional;;;Vivienda libre;2016M08;32.074
Total Nacional;;;Vivienda libre;2016M09;30.813
Total Nacional;;;Vivienda libre;2016M10;26.668
Total Nacional;;;Vivienda libre;2016M11;31.098
Total Nacional;;;Vivienda libre;2016M12;26.648
Total Nacional;;;Vivienda libre;2017M01;34.440
Total Nacional;;;Vivienda libre;2017M02;31.855
Total Nacional;;;Vivienda libre;2017M03;36.794
Total Nacional;;;Vivienda libre;2017M04;29.080
Total Nacional;;;Vivienda libre;2017M05;40.906
Total Nacional;;;Vivienda libre;2017M06;39.633
Total Nacional;;;Vivienda libre;2017M07;35.751
Total Nacional;;;Vivienda libre;2017M08;37.700
Total Nacional;;;Vivienda libre;2017M09;35.349
Total Nacional;;;Vivienda libre;2017M10;34.131
Total Nacional;;;Vivienda libre;2017M11;37.364
Total Nacional;;;Vivienda libre;2017M12;29.324
Total Nacional;;;Vivienda libre;2018M01;43.227
Total Nacional;;;Vivienda libre;2018M02;37.491
Total Nacional;;;Vivienda libre;2018M03;35.827
Total Nacional;;;Vivienda libre;2018M04;38.272
Total Nacional;;;Vivienda libre;2018M05;42.630
Total Nacional;;;Vivienda libre;2018M06;40.679
Total Nacional;;;Vivienda libre;2018M07;41.756
Total Nacional;;;Vivienda libre;2018M08;40.395
Total Nacional;;;Vivienda libre;2018M09;38.950
Total Nacional;;;Vivienda libre;2018M10;39.507
Total Nacional;;;Vivienda libre;2018M11;38.502
Total Nacional;;;Vivienda libre;2018M12;30.796
Total Nacional;;;Vivienda libre;2019M01;43.432
Total Nacional;;;Vivienda libre;2019M02;39.596
Total Nacional;;;Vivienda libre;2019M03;38.576
Total Nacional;;;Vivienda libre;2019M04;36.803
Total Nacional;;;Vivienda libre;2019M05;43.688
Total Nacional;;;Vivienda libre;2019M06;37.452
Total Nacional;;;Vivienda libre;2019M07;43.914
Total Nacional;;;Vivienda libre;2019M08;32.675
Total Nacional;;;Vivienda libre;2019M09;34.751
Total Nacional;;;Vivienda libre;2019M10;39.433
Total Nacional;;;Vivienda libre;2019M11;35.510
Total Nacional;;;Vivienda libre;2019M12;31.661
Total Nacional;;;Vivienda libre;2020M01;42.922
Total Nacional;;;Vivienda libre;2020M02;41.146
Total Nacional;;;Vivienda libre;2020M03;32.543
Total Nacional;;;Vivienda libre;2020M04;22.936
Total Nacional;;;Vivienda libre;2020M05;20.497
Total Nacional;;;Vivienda libre;2020M06;25.297
Total Nacional;;;Vivienda libre;2020M07;29.256
Total Nacional;;;Vivienda libre;2020M08;28.806
Total Nacional;;;Vivienda libre;2020M09;34.650
Total Nacional;;;Vivienda libre;2020M10;34.604
Total Nacional;;;Vivienda libre;2020M11;36.738
Total Nacional;;;Vivienda libre;2020M12;33.148
Total Nacional;;;Vivienda libre;2021M01;36.397
Total Nacional;;;Vivienda libre;2021M02;39.349
Total Nacional;;;Vivienda libre;2021M03;43.160
Total Nacional;;;Vivienda libre;2021M04;38.755
Total Nacional;;;Vivienda libre;2021M05;42.856
Total Nacional;;;Vivienda libre;2021M06;44.700
Total Nacional;;;Vivienda libre;2021M07;45.696
Total Nacional;;;Vivienda libre;2021M08;45.783
Total Nacional;;;Vivienda libre;2021M09;49.316
Total Nacional;;;Vivienda libre;2021M10;42.436
Total Nacional;;;Vivienda libre;2021M11;45.517
Total Nacional;;;Vivienda libre;2021M12;44.375
Total Nacional;;;Vivienda libre;2022M01;48.661
Total Nacional;;;Vivienda libre;2022M02;49.472
Total Nacional;;;Vivienda libre;2022M03;54.554
Total Nacional;;;Vivienda libre;2022M04;43.507
Total Nacional;;;Vivienda libre;2022M05;55.135
Total Nacional;;;Vivienda libre;2022M06;53.142
Total Nacional;;;Vivienda libre;2022M07;49.750
Total Nacional;;;Vivienda libre;2022M08;53.323
Total Nacional;;;Vivienda libre;2022M09;53.318
Total Nacional;;;Vivienda libre;2022M10;47.525
Total Nacional;;;Vivienda libre;2022M11;51.016
Total Nacional;;;Vivienda libre;2022M12;40.121
Total Nacional;;;Vivienda libre;2023M01;50.909
Total Nacional;;;Vivienda libre;2023M02;45.968
Total Nacional;;;Vivienda libre;2023M03;51.194
Total Nacional;;;Vivienda libre;2023M04;39.345
Total Nacional;;;Vivienda libre;2023M05;51.890
Total Nacional;;;Vivienda libre;2023M06;49.236
Total Nacional;;;Vivienda libre;2023M07;44.476
Total Nacional;;;Vivienda libre;2023M08;45.413
Total Nacional;;;Vivienda libre;2023M09;40.461
Total Nacional;;;Vivienda libre;2023M10;42.587
Total Nacional;;;Vivienda libre;2023M11;43.807
Total Nacional;;;Vivienda libre;2023M12;33.918
Total Nacional;;;Vivienda libre;2024M01;50.806
Total Nacional;;;Vivienda libre;2024M02;49.033
Total Nacional;;;Vivienda libre;2024M03;41.741
Total Nacional;;;Vivienda libre;2024M04;49.416
Total Nacional;;;Vivienda libre;2024M05;40.611
Total Nacional;;;Vivienda libre;2024M06;46.458
Total Nacional;;;Vivienda libre;2024M07;52.761
Total Nacional;;;Vivienda libre;2024M08;45.880
Total Nacional;;;Vivienda libre;2024M09;57.179
Total Nacional;;;Vivienda libre;2024M10;64.145
Total Nacional;;;Vivienda libre;2024M11;50.177
Total Nacional;;;Vivienda libre;2024M12;46.624
Total Nacional;;;Vivienda libre;2025M01;56.418
Total Nacional;;;Vivienda protegida;2007M01;7.251
Total Nacional;;;Vivienda protegida;2007M02;6.222
Total Nacional;;;Vivienda protegida;2007M03;6.293
Total Nacional;;;Vivienda protegida;2007M04;5.586
Total Nacional;;;Vivienda protegida;2007M05;7.025
Total Nacional;;;Vivienda protegida;2007M06;5.636
Total Nacional;;;Vivienda protegida;2007M07;5.396
Total Nacional;;;Vivienda protegida;2007M08;4.783
Total Nacional;;;Vivienda protegida;2007M09;4.994
Total Nacional;;;Vivienda protegida;2007M10;5.317
Total Nacional;;;Vivienda protegida;2007M11;4.719
Total Nacional;;;Vivienda protegida;2007M12;3.832
Total Nacional;;;Vivienda protegida;2008M01;5.026
Total Nacional;;;Vivienda protegida;2008M02;4.079
Total Nacional;;;Vivienda protegida;2008M03;4.141
Total Nacional;;;Vivienda protegida;2008M04;4.984
Total Nacional;;;Vivienda protegida;2008M05;4.158
Total Nacional;;;Vivienda protegida;2008M06;4.292
Total Nacional;;;Vivienda protegida;2008M07;4.312
Total Nacional;;;Vivienda protegida;2008M08;3.328
Total Nacional;;;Vivienda protegida;2008M09;4.541
Total Nacional;;;Vivienda protegida;2008M10;3.684
Total Nacional;;;Vivienda protegida;2008M11;3.386
Total Nacional;;;Vivienda protegida;2008M12;3.378
Total Nacional;;;Vivienda protegida;2009M01;4.302
Total Nacional;;;Vivienda protegida;2009M02;3.775
Total Nacional;;;Vivienda protegida;2009M03;3.667
Total Nacional;;;Vivienda protegida;2009M04;2.911
Total Nacional;;;Vivienda protegida;2009M05;3.499
Total Nacional;;;Vivienda protegida;2009M06;3.383
Total Nacional;;;Vivienda protegida;2009M07;3.426
Total Nacional;;;Vivienda protegida;2009M08;2.953
Total Nacional;;;Vivienda protegida;2009M09;4.284
Total Nacional;;;Vivienda protegida;2009M10;3.060
Total Nacional;;;Vivienda protegida;2009M11;3.539
Total Nacional;;;Vivienda protegida;2009M12;3.446
Total Nacional;;;Vivienda protegida;2010M01;4.161
Total Nacional;;;Vivienda protegida;2010M02;5.343
Total Nacional;;;Vivienda protegida;2010M03;4.050
Total Nacional;;;Vivienda protegida;2010M04;3.725
Total Nacional;;;Vivienda protegida;2010M05;4.079
Total Nacional;;;Vivienda protegida;2010M06;3.723
Total Nacional;;;Vivienda protegida;2010M07;5.060
Total Nacional;;;Vivienda protegida;2010M08;4.703
Total Nacional;;;Vivienda protegida;2010M09;4.287
Total Nacional;;;Vivienda protegida;2010M10;3.484
Total Nacional;;;Vivienda protegida;2010M11;3.905
Total Nacional;;;Vivienda protegida;2010M12;4.034
Total Nacional;;;Vivienda protegida;2011M01;5.248
Total Nacional;;;Vivienda protegida;2011M02;6.220
Total Nacional;;;Vivienda protegida;2011M03;5.045
Total Nacional;;;Vivienda protegida;2011M04;3.069
Total Nacional;;;Vivienda protegida;2011M05;4.200
Total Nacional;;;Vivienda protegida;2011M06;4.021
Total Nacional;;;Vivienda protegida;2011M07;3.468
Total Nacional;;;Vivienda protegida;2011M08;3.579
Total Nacional;;;Vivienda protegida;2011M09;3.739
Total Nacional;;;Vivienda protegida;2011M10;2.630
Total Nacional;;;Vivienda protegida;2011M11;3.530
Total Nacional;;;Vivienda protegida;2011M12;3.040
Total Nacional;;;Vivienda protegida;2012M01;4.662
Total Nacional;;;Vivienda protegida;2012M02;4.349
Total Nacional;;;Vivienda protegida;2012M03;3.309
Total Nacional;;;Vivienda protegida;2012M04;2.439
Total Nacional;;;Vivienda protegida;2012M05;2.849
Total Nacional;;;Vivienda protegida;2012M06;3.180
Total Nacional;;;Vivienda protegida;2012M07;3.314
Total Nacional;;;Vivienda protegida;2012M08;2.676
Total Nacional;;;Vivienda protegida;2012M09;3.486
Total Nacional;;;Vivienda protegida;2012M10;2.853
Total Nacional;;;Vivienda protegida;2012M11;2.736
Total Nacional;;;Vivienda protegida;2012M12;2.633
Total Nacional;;;Vivienda protegida;2013M01;5.072
Total Nacional;;;Vivienda protegida;2013M02;4.814
Total Nacional;;;Vivienda protegida;2013M03;2.750
Total Nacional;;;Vivienda protegida;2013M04;2.410
Total Nacional;;;Vivienda protegida;2013M05;2.588
Total Nacional;;;Vivienda protegida;2013M06;2.514
Total Nacional;;;Vivienda protegida;2013M07;2.276
Total Nacional;;;Vivienda protegida;2013M08;2.304
Total Nacional;;;Vivienda protegida;2013M09;2.487
Total Nacional;;;Vivienda protegida;2013M10;2.126
Total Nacional;;;Vivienda protegida;2013M11;1.821
Total Nacional;;;Vivienda protegida;2013M12;4.000
Total Nacional;;;Vivienda protegida;2014M01;3.629
Total Nacional;;;Vivienda protegida;2014M02;2.445
Total Nacional;;;Vivienda protegida;2014M03;2.598
Total Nacional;;;Vivienda protegida;2014M04;2.736
Total Nacional;;;Vivienda protegida;2014M05;2.736
Total Nacional;;;Vivienda protegida;2014M06;2.512
Total Nacional;;;Vivienda protegida;2014M07;2.820
Total Nacional;;;Vivienda protegida;2014M08;2.309
Total Nacional;;;Vivienda protegida;2014M09;2.956
Total Nacional;;;Vivienda protegida;2014M10;2.558
Total Nacional;;;Vivienda protegida;2014M11;2.498
Total Nacional;;;Vivienda protegida;2014M12;2.764
Total Nacional;;;Vivienda protegida;2015M01;3.691
Total Nacional;;;Vivienda protegida;2015M02;3.292
Total Nacional;;;Vivienda protegida;2015M03;2.887
Total Nacional;;;Vivienda protegida;2015M04;3.054
Total Nacional;;;Vivienda protegida;2015M05;2.971
Total Nacional;;;Vivienda protegida;2015M06;3.175
Total Nacional;;;Vivienda protegida;2015M07;3.273
Total Nacional;;;Vivienda protegida;2015M08;2.887
Total Nacional;;;Vivienda protegida;2015M09;3.055
Total Nacional;;;Vivienda protegida;2015M10;2.597
Total Nacional;;;Vivienda protegida;2015M11;2.826
Total Nacional;;;Vivienda protegida;2015M12;2.707
Total Nacional;;;Vivienda protegida;2016M01;3.275
Total Nacional;;;Vivienda protegida;2016M02;3.828
Total Nacional;;;Vivienda protegida;2016M03;3.399
Total Nacional;;;Vivienda protegida;2016M04;3.665
Total Nacional;;;Vivienda protegida;2016M05;3.879
Total Nacional;;;Vivienda protegida;2016M06;3.487
Total Nacional;;;Vivienda protegida;2016M07;3.481
Total Nacional;;;Vivienda protegida;2016M08;3.512
Total Nacional;;;Vivienda protegida;2016M09;3.984
Total Nacional;;;Vivienda protegida;2016M10;2.940
Total Nacional;;;Vivienda protegida;2016M11;3.249
Total Nacional;;;Vivienda protegida;2016M12;2.860
Total Nacional;;;Vivienda protegida;2017M01;3.970
Total Nacional;;;Vivienda protegida;2017M02;3.844
Total Nacional;;;Vivienda protegida;2017M03;4.062
Total Nacional;;;Vivienda protegida;2017M04;3.313
Total Nacional;;;Vivienda protegida;2017M05;4.174
Total Nacional;;;Vivienda protegida;2017M06;4.289
Total Nacional;;;Vivienda protegida;2017M07;3.749
Total Nacional;;;Vivienda protegida;2017M08;3.877
Total Nacional;;;Vivienda protegida;2017M09;3.643
Total Nacional;;;Vivienda protegida;2017M10;3.463
Total Nacional;;;Vivienda protegida;2017M11;3.652
Total Nacional;;;Vivienda protegida;2017M12;3.281
Total Nacional;;;Vivienda protegida;2018M01;4.508
Total Nacional;;;Vivienda protegida;2018M02;4.006
Total Nacional;;;Vivienda protegida;2018M03;4.105
Total Nacional;;;Vivienda protegida;2018M04;4.091
Total Nacional;;;Vivienda protegida;2018M05;4.422
Total Nacional;;;Vivienda protegida;2018M06;4.311
Total Nacional;;;Vivienda protegida;2018M07;4.392
Total Nacional;;;Vivienda protegida;2018M08;4.439
Total Nacional;;;Vivienda protegida;2018M09;4.224
Total Nacional;;;Vivienda protegida;2018M10;3.975
Total Nacional;;;Vivienda protegida;2018M11;4.121
Total Nacional;;;Vivienda protegida;2018M12;3.358
Total Nacional;;;Vivienda protegida;2019M01;4.770
Total Nacional;;;Vivienda protegida;2019M02;4.468
Total Nacional;;;Vivienda protegida;2019M03;4.189
Total Nacional;;;Vivienda protegida;2019M04;4.396
Total Nacional;;;Vivienda protegida;2019M05;4.663
Total Nacional;;;Vivienda protegida;2019M06;3.985
Total Nacional;;;Vivienda protegida;2019M07;4.423
Total Nacional;;;Vivienda protegida;2019M08;3.048
Total Nacional;;;Vivienda protegida;2019M09;3.528
Total Nacional;;;Vivienda protegida;2019M10;3.923
Total Nacional;;;Vivienda protegida;2019M11;3.409
Total Nacional;;;Vivienda protegida;2019M12;3.174
Total Nacional;;;Vivienda protegida;2020M01;4.095
Total Nacional;;;Vivienda protegida;2020M02;3.956
Total Nacional;;;Vivienda protegida;2020M03;3.202
Total Nacional;;;Vivienda protegida;2020M04;2.503
Total Nacional;;;Vivienda protegida;2020M05;2.155
Total Nacional;;;Vivienda protegida;2020M06;2.491
Total Nacional;;;Vivienda protegida;2020M07;3.495
Total Nacional;;;Vivienda protegida;2020M08;2.786
Total Nacional;;;Vivienda protegida;2020M09;3.332
Total Nacional;;;Vivienda protegida;2020M10;3.228
Total Nacional;;;Vivienda protegida;2020M11;3.381
Total Nacional;;;Vivienda protegida;2020M12;3.071
Total Nacional;;;Vivienda protegida;2021M01;3.816
Total Nacional;;;Vivienda protegida;2021M02;3.902
Total Nacional;;;Vivienda protegida;2021M03;4.028
Total Nacional;;;Vivienda protegida;2021M04;3.573
Total Nacional;;;Vivienda protegida;2021M05;4.180
Total Nacional;;;Vivienda protegida;2021M06;4.115
Total Nacional;;;Vivienda protegida;2021M07;4.036
Total Nacional;;;Vivienda protegida;2021M08;4.116
Total Nacional;;;Vivienda protegida;2021M09;4.303
Total Nacional;;;Vivienda protegida;2021M10;3.910
Total Nacional;;;Vivienda protegida;2021M11;4.262
Total Nacional;;;Vivienda protegida;2021M12;3.904
Total Nacional;;;Vivienda protegida;2022M01;4.241
Total Nacional;;;Vivienda protegida;2022M02;4.267
Total Nacional;;;Vivienda protegida;2022M03;4.604
Total Nacional;;;Vivienda protegida;2022M04;3.632
Total Nacional;;;Vivienda protegida;2022M05;4.849
Total Nacional;;;Vivienda protegida;2022M06;4.544
Total Nacional;;;Vivienda protegida;2022M07;4.237
Total Nacional;;;Vivienda protegida;2022M08;4.225
Total Nacional;;;Vivienda protegida;2022M09;4.439
Total Nacional;;;Vivienda protegida;2022M10;4.103
Total Nacional;;;Vivienda protegida;2022M11;4.229
Total Nacional;;;Vivienda protegida;2022M12;3.371
Total Nacional;;;Vivienda protegida;2023M01;4.587
Total Nacional;;;Vivienda protegida;2023M02;3.947
Total Nacional;;;Vivienda protegida;2023M03;4.405
Total Nacional;;;Vivienda protegida;2023M04;3.454
Total Nacional;;;Vivienda protegida;2023M05;4.206
Total Nacional;;;Vivienda protegida;2023M06;4.131
Total Nacional;;;Vivienda protegida;2023M07;3.508
Total Nacional;;;Vivienda protegida;2023M08;3.601
Total Nacional;;;Vivienda protegida;2023M09;3.278
Total Nacional;;;Vivienda protegida;2023M10;3.292
Total Nacional;;;Vivienda protegida;2023M11;3.396
Total Nacional;;;Vivienda protegida;2023M12;2.642
Total Nacional;;;Vivienda protegida;2024M01;3.829
Total Nacional;;;Vivienda protegida;2024M02;3.763
Total Nacional;;;Vivienda protegida;2024M03;3.137
Total Nacional;;;Vivienda protegida;2024M04;3.675
Total Nacional;;;Vivienda protegida;2024M05;3.402
Total Nacional;;;Vivienda protegida;2024M06;3.641
Total Nacional;;;Vivienda protegida;2024M07;4.541
Total Nacional;;;Vivienda protegida;2024M08;3.573
Total Nacional;;;Vivienda protegida;2024M09;4.708
Total Nacional;;;Vivienda protegida;2024M10;5.273
Total Nacional;;;Vivienda protegida;2024M11;4.122
Total Nacional;;;Vivienda protegida;2024M12;3.713
Total Nacional;;;Vivienda protegida;2025M01;4.232
