STRUCTURE,STRUCTURE_ID,STRUCTURE_NAME,ACTION,REF_AREA,Reference area,MEASURE,Measure,UNIT_MEASURE,Unit of measure,PAY_PERIOD,Pay period,PRICE_BASE,Price base,AGGREGATION_OPERATION,Aggregation operation,SEX,Sex,TIME_PERIOD,Time period,OBS_VALUE,Observation value,BASE_PER,Base period,OBS_STATUS,Observation status,UNIT_MULT,Unit multiplier,DECIMALS,Decimals
DATAFLOW,OECD.ELS.SAE:DSD_EARNINGS@AV_AN_WAGE(1.0),Average annual wages,I,BEL,Belgium,WG,Wages,USD_PPP,"US dollars, PPP converted",A,Annual,Q,Constant prices,MEAN,Mean,_Z,Not applicable,2020,,63677,,2022,,A,Normal value,0,Units,0,Zero
DATAFLOW,OECD.ELS.SAE:DSD_EARNINGS@AV_AN_WAGE(1.0),Average annual wages,I,BEL,Belgium,WG,Wages,USD_PPP,"US dollars, PPP converted",A,Annual,Q,Constant prices,MEAN,Mean,_Z,Not applicable,2021,,65520.8213051768,,2022,,A,Normal value,0,Units,0,Zero
DATAFLOW,OECD.ELS.SAE:DSD_EARNINGS@AV_AN_WAGE(1.0),Average annual wages,I,BEL,Belgium,WG,Wages,USD_PPP,"US dollars, PPP converted",A,Annual,Q,Constant prices,MEAN,Mean,_Z,Not applicable,2022,,64847.6238808182,,2022,,A,Normal value,0,Units,0,Zero
DATAFLOW,OECD.ELS.SAE:DSD_EARNINGS@AV_AN_WAGE(1.0),Average annual wages,I,SWE,Sweden,WG,Wages,USD_PPP,"US dollars, PPP converted",A,Annual,Q,Constant prices,MEAN,Mean,_Z,Not applicable,2020,,51214,,2022,,A,Normal value,0,Units,0,Zero
DATAFLOW,OECD.ELS.SAE:DSD_EARNINGS@AV_AN_WAGE(1.0),Average annual wages,I,SWE,Sweden,WG,Wages,USD_PPP,"US dollars, PPP converted",A,Annual,Q,Constant prices,MEAN,Mean,_Z,Not applicable,2021,,51928.975473868,,2022,,A,Normal value,0,Units,0,Zero
DATAFLOW,OECD.ELS.SAE:DSD_EARNINGS@AV_AN_WAGE(1.0),Average annual wages,I,SWE,Sweden,WG,Wages,USD_PPP,"US dollars, PPP converted",A,Annual,Q,Constant prices,MEAN,Mean,_Z,Not applicable,2022,,50406.8307417441,,2022,,A,Normal value,0,Units,0,Zero
DATAFLOW,OECD.ELS.SAE:DSD_EARNINGS@AV_AN_WAGE(1.0),Average annual wages,I,ITA,Italy,WG,Wages,USD_PPP,"US dollars, PPP converted",A,Annual,Q,Constant prices,MEAN,Mean,_Z,Not applicable,2020,,44246,,2022,,A,Normal value,0,Units,0,Zero
DATAFLOW,OECD.ELS.SAE:DSD_EARNINGS@AV_AN_WAGE(1.0),Average annual wages,I,ITA,Italy,WG,Wages,USD_PPP,"US dollars, PPP converted",A,Annual,Q,Constant prices,MEAN,Mean,_Z,Not applicable,2021,,45960.645620873,,2022,,A,Normal value,0,Units,0,Zero
DATAFLOW,OECD.ELS.SAE:DSD_EARNINGS@AV_AN_WAGE(1.0),Average annual wages,I,ITA,Italy,WG,Wages,USD_PPP,"US dollars, PPP converted",A,Annual,Q,Constant prices,MEAN,Mean,_Z,Not applicable,2022,,44893.3346677501,,2022,,A,Normal value,0,Units,0,Zero
DATAFLOW,OECD.ELS.SAE:DSD_EARNINGS@AV_AN_WAGE(1.0),Average annual wages,I,NLD,Netherlands,WG,Wages,USD_PPP,"US dollars, PPP converted",A,Annual,Q,Constant prices,MEAN,Mean,_Z,Not applicable,2020,,67163,,2022,,A,Normal value,0,Units,0,Zero
DATAFLOW,OECD.ELS.SAE:DSD_EARNINGS@AV_AN_WAGE(1.0),Average annual wages,I,NLD,Netherlands,WG,Wages,USD_PPP,"US dollars, PPP converted",A,Annual,Q,Constant prices,MEAN,Mean,_Z,Not applicable,2021,,66221.4846031508,,2022,,A,Normal value,0,Units,0,Zero
DATAFLOW,OECD.ELS.SAE:DSD_EARNINGS@AV_AN_WAGE(1.0),Average annual wages,I,NLD,Netherlands,WG,Wages,USD_PPP,"US dollars, PPP converted",A,Annual,Q,Constant prices,MEAN,Mean,_Z,Not applicable,2022,,63224.9895974904,,2022,,A,Normal value,0,Units,0,Zero
DATAFLOW,OECD.ELS.SAE:DSD_EARNINGS@AV_AN_WAGE(1.0),Average annual wages,I,OECD,OECD,WG,Wages,USD_PPP,"US dollars, PPP converted",A,Annual,Q,Constant prices,MEAN,Mean,_Z,Not applicable,2020,,53448,,2022,,A,Normal value,0,Units,0,Zero
DATAFLOW,OECD.ELS.SAE:DSD_EARNINGS@AV_AN_WAGE(1.0),Average annual wages,I,OECD,OECD,WG,Wages,USD_PPP,"US dollars, PPP converted",A,Annual,Q,Constant prices,MEAN,Mean,_Z,Not applicable,2021,,54257.5955364606,,2022,,A,Normal value,0,Units,0,Zero
DATAFLOW,OECD.ELS.SAE:DSD_EARNINGS@AV_AN_WAGE(1.0),Average annual wages,I,OECD,OECD,WG,Wages,USD_PPP,"US dollars, PPP converted",A,Annual,Q,Constant prices,MEAN,Mean,_Z,Not applicable,2022,,53415.8435243834,,2022,,A,Normal value,0,Units,0,Zero
DATAFLOW,OECD.ELS.SAE:DSD_EARNINGS@AV_AN_WAGE(1.0),Average annual wages,I,FRA,France,WG,Wages,USD_PPP,"US dollars, PPP converted",A,Annual,Q,Constant prices,MEAN,Mean,_Z,Not applicable,2020,,50550,,2022,,A,Normal value,0,Units,0,Zero
DATAFLOW,OECD.ELS.SAE:DSD_EARNINGS@AV_AN_WAGE(1.0),Average annual wages,I,FRA,France,WG,Wages,USD_PPP,"US dollars, PPP converted",A,Annual,Q,Constant prices,MEAN,Mean,_Z,Not applicable,2021,,52542.1889164276,,2022,,A,Normal value,0,Units,0,Zero
DATAFLOW,OECD.ELS.SAE:DSD_EARNINGS@AV_AN_WAGE(1.0),Average annual wages,I,FRA,France,WG,Wages,USD_PPP,"US dollars, PPP converted",A,Annual,Q,Constant prices,MEAN,Mean,_Z,Not applicable,2022,,52763.5938000769,,2022,,A,Normal value,0,Units,0,Zero
DATAFLOW,OECD.ELS.SAE:DSD_EARNINGS@AV_AN_WAGE(1.0),Average annual wages,I,ESP,Spain,WG,Wages,USD_PPP,"US dollars, PPP converted",A,Annual,Q,Constant prices,MEAN,Mean,_Z,Not applicable,2020,,43828,,2022,,A,Normal value,0,Units,0,Zero
DATAFLOW,OECD.ELS.SAE:DSD_EARNINGS@AV_AN_WAGE(1.0),Average annual wages,I,ESP,Spain,WG,Wages,USD_PPP,"US dollars, PPP converted",A,Annual,Q,Constant prices,MEAN,Mean,_Z,Not applicable,2021,,44443.8899670243,,2022,,A,Normal value,0,Units,0,Zero
DATAFLOW,OECD.ELS.SAE:DSD_EARNINGS@AV_AN_WAGE(1.0),Average annual wages,I,ESP,Spain,WG,Wages,USD_PPP,"US dollars, PPP converted",A,Annual,Q,Constant prices,MEAN,Mean,_Z,Not applicable,2022,,42859.3360397206,,2022,,A,Normal value,0,Units,0,Zero
DATAFLOW,OECD.ELS.SAE:DSD_EARNINGS@AV_AN_WAGE(1.0),Average annual wages,I,EST,Estonia,WG,Wages,USD_PPP,"US dollars, PPP converted",A,Annual,Q,Constant prices,MEAN,Mean,_Z,Not applicable,2020,,35128,,2022,,A,Normal value,0,Units,0,Zero
DATAFLOW,OECD.ELS.SAE:DSD_EARNINGS@AV_AN_WAGE(1.0),Average annual wages,I,EST,Estonia,WG,Wages,USD_PPP,"US dollars, PPP converted",A,Annual,Q,Constant prices,MEAN,Mean,_Z,Not applicable,2021,,37317.8229724108,,2022,,A,Normal value,0,Units,0,Zero
DATAFLOW,OECD.ELS.SAE:DSD_EARNINGS@AV_AN_WAGE(1.0),Average annual wages,I,EST,Estonia,WG,Wages,USD_PPP,"US dollars, PPP converted",A,Annual,Q,Constant prices,MEAN,Mean,_Z,Not applicable,2022,,34704.5715238033,,2022,,A,Normal value,0,Units,0,Zero
DATAFLOW,OECD.ELS.SAE:DSD_EARNINGS@AV_AN_WAGE(1.0),Average annual wages,I,FIN,Finland,WG,Wages,USD_PPP,"US dollars, PPP converted",A,Annual,Q,Constant prices,MEAN,Mean,_Z,Not applicable,2020,,51092,,2022,,A,Normal value,0,Units,0,Zero
DATAFLOW,OECD.ELS.SAE:DSD_EARNINGS@AV_AN_WAGE(1.0),Average annual wages,I,FIN,Finland,WG,Wages,USD_PPP,"US dollars, PPP converted",A,Annual,Q,Constant prices,MEAN,Mean,_Z,Not applicable,2021,,52785.319629001,,2022,,A,Normal value,0,Units,0,Zero
DATAFLOW,OECD.ELS.SAE:DSD_EARNINGS@AV_AN_WAGE(1.0),Average annual wages,I,FIN,Finland,WG,Wages,USD_PPP,"US dollars, PPP converted",A,Annual,Q,Constant prices,MEAN,Mean,_Z,Not applicable,2022,,51835.873940956,,2022,,A,Normal value,0,Units,0,Zero
DATAFLOW,OECD.ELS.SAE:DSD_EARNINGS@AV_AN_WAGE(1.0),Average annual wages,I,CHE,Switzerland,WG,Wages,USD_PPP,"US dollars, PPP converted",A,Annual,Q,Constant prices,MEAN,Mean,_Z,Not applicable,2020,,69728,,2022,,A,Normal value,0,Units,0,Zero
DATAFLOW,OECD.ELS.SAE:DSD_EARNINGS@AV_AN_WAGE(1.0),Average annual wages,I,CHE,Switzerland,WG,Wages,USD_PPP,"US dollars, PPP converted",A,Annual,Q,Constant prices,MEAN,Mean,_Z,Not applicable,2021,,72358.4396707178,,2022,,A,Normal value,0,Units,0,Zero
DATAFLOW,OECD.ELS.SAE:DSD_EARNINGS@AV_AN_WAGE(1.0),Average annual wages,I,CHE,Switzerland,WG,Wages,USD_PPP,"US dollars, PPP converted",A,Annual,Q,Constant prices,MEAN,Mean,_Z,Not applicable,2022,,72993.0243352433,,2022,,A,Normal value,0,Units,0,Zero
DATAFLOW,OECD.ELS.SAE:DSD_EARNINGS@AV_AN_WAGE(1.0),Average annual wages,I,DEU,Germany,WG,Wages,USD_PPP,"US dollars, PPP converted",A,Annual,Q,Constant prices,MEAN,Mean,_Z,Not applicable,2020,,60309,,2022,,A,Normal value,0,Units,0,Zero
DATAFLOW,OECD.ELS.SAE:DSD_EARNINGS@AV_AN_WAGE(1.0),Average annual wages,I,DEU,Germany,WG,Wages,USD_PPP,"US dollars, PPP converted",A,Annual,Q,Constant prices,MEAN,Mean,_Z,Not applicable,2021,,60291.2417705174,,2022,,A,Normal value,0,Units,0,Zero
DATAFLOW,OECD.ELS.SAE:DSD_EARNINGS@AV_AN_WAGE(1.0),Average annual wages,I,DEU,Germany,WG,Wages,USD_PPP,"US dollars, PPP converted",A,Annual,Q,Constant prices,MEAN,Mean,_Z,Not applicable,2022,,58940.3277991669,,2022,,A,Normal value,0,Units,0,Zero
DATAFLOW,OECD.ELS.SAE:DSD_EARNINGS@AV_AN_WAGE(1.0),Average annual wages,I,TUR,TÃ¼rkiye,WG,Wages,USD_PPP,"US dollars, PPP converted",A,Annual,Q,Constant prices,MEAN,Mean,_Z,Not applicable,2020,,31761,,2022,,A,Normal value,0,Units,0,Zero
DATAFLOW,OECD.ELS.SAE:DSD_EARNINGS@AV_AN_WAGE(1.0),Average annual wages,I,JPN,Japan,WG,Wages,USD_PPP,"US dollars, PPP converted",A,Annual,Q,Constant prices,MEAN,Mean,_Z,Not applicable,2020,,41442,,2022,,A,Normal value,0,Units,0,Zero
DATAFLOW,OECD.ELS.SAE:DSD_EARNINGS@AV_AN_WAGE(1.0),Average annual wages,I,JPN,Japan,WG,Wages,USD_PPP,"US dollars, PPP converted",A,Annual,Q,Constant prices,MEAN,Mean,_Z,Not applicable,2021,,42041.3125511302,,2022,,A,Normal value,0,Units,0,Zero
DATAFLOW,OECD.ELS.SAE:DSD_EARNINGS@AV_AN_WAGE(1.0),Average annual wages,I,JPN,Japan,WG,Wages,USD_PPP,"US dollars, PPP converted",A,Annual,Q,Constant prices,MEAN,Mean,_Z,Not applicable,2022,,41509.2047666572,,2022,,A,Normal value,0,Units,0,Zero
DATAFLOW,OECD.ELS.SAE:DSD_EARNINGS@AV_AN_WAGE(1.0),Average annual wages,I,KOR,Korea,WG,Wages,USD_PPP,"US dollars, PPP converted",A,Annual,Q,Constant prices,MEAN,Mean,_Z,Not applicable,2020,,48294,,2022,,A,Normal value,0,Units,0,Zero
DATAFLOW,OECD.ELS.SAE:DSD_EARNINGS@AV_AN_WAGE(1.0),Average annual wages,I,KOR,Korea,WG,Wages,USD_PPP,"US dollars, PPP converted",A,Annual,Q,Constant prices,MEAN,Mean,_Z,Not applicable,2021,,49142.9805200912,,2022,,A,Normal value,0,Units,0,Zero
DATAFLOW,OECD.ELS.SAE:DSD_EARNINGS@AV_AN_WAGE(1.0),Average annual wages,I,KOR,Korea,WG,Wages,USD_PPP,"US dollars, PPP converted",A,Annual,Q,Constant prices,MEAN,Mean,_Z,Not applicable,2022,,48921.9348572703,,2022,,A,Normal value,0,Units,0,Zero
DATAFLOW,OECD.ELS.SAE:DSD_EARNINGS@AV_AN_WAGE(1.0),Average annual wages,I,IRL,Ireland,WG,Wages,USD_PPP,"US dollars, PPP converted",A,Annual,Q,Constant prices,MEAN,Mean,_Z,Not applicable,2020,,53651,,2022,,A,Normal value,0,Units,0,Zero
DATAFLOW,OECD.ELS.SAE:DSD_EARNINGS@AV_AN_WAGE(1.0),Average annual wages,I,IRL,Ireland,WG,Wages,USD_PPP,"US dollars, PPP converted",A,Annual,Q,Constant prices,MEAN,Mean,_Z,Not applicable,2021,,53209.4763980234,,2022,,A,Normal value,0,Units,0,Zero
DATAFLOW,OECD.ELS.SAE:DSD_EARNINGS@AV_AN_WAGE(1.0),Average annual wages,I,IRL,Ireland,WG,Wages,USD_PPP,"US dollars, PPP converted",A,Annual,Q,Constant prices,MEAN,Mean,_Z,Not applicable,2022,,52242.6173957582,,2022,,A,Normal value,0,Units,0,Zero
DATAFLOW,OECD.ELS.SAE:DSD_EARNINGS@AV_AN_WAGE(1.0),Average annual wages,I,ISR,Israel,WG,Wages,USD_PPP,"US dollars, PPP converted",A,Annual,Q,Constant prices,MEAN,Mean,_Z,Not applicable,2020,,42130,,2022,,A,Normal value,0,Units,0,Zero
DATAFLOW,OECD.ELS.SAE:DSD_EARNINGS@AV_AN_WAGE(1.0),Average annual wages,I,ISR,Israel,WG,Wages,USD_PPP,"US dollars, PPP converted",A,Annual,Q,Constant prices,MEAN,Mean,_Z,Not applicable,2021,,44338.8688693076,,2022,,A,Normal value,0,Units,0,Zero
DATAFLOW,OECD.ELS.SAE:DSD_EARNINGS@AV_AN_WAGE(1.0),Average annual wages,I,ISR,Israel,WG,Wages,USD_PPP,"US dollars, PPP converted",A,Annual,Q,Constant prices,MEAN,Mean,_Z,Not applicable,2022,,44155.9454178794,,2022,,A,Normal value,0,Units,0,Zero
DATAFLOW,OECD.ELS.SAE:DSD_EARNINGS@AV_AN_WAGE(1.0),Average annual wages,I,ISL,Iceland,WG,Wages,USD_PPP,"US dollars, PPP converted",A,Annual,Q,Constant prices,MEAN,Mean,_Z,Not applicable,2020,,71687,,2022,,A,Normal value,0,Units,0,Zero
DATAFLOW,OECD.ELS.SAE:DSD_EARNINGS@AV_AN_WAGE(1.0),Average annual wages,I,ISL,Iceland,WG,Wages,USD_PPP,"US dollars, PPP converted",A,Annual,Q,Constant prices,MEAN,Mean,_Z,Not applicable,2021,,74654.5195183111,,2022,,A,Normal value,0,Units,0,Zero
DATAFLOW,OECD.ELS.SAE:DSD_EARNINGS@AV_AN_WAGE(1.0),Average annual wages,I,ISL,Iceland,WG,Wages,USD_PPP,"US dollars, PPP converted",A,Annual,Q,Constant prices,MEAN,Mean,_Z,Not applicable,2022,,79473.3592943684,,2022,,A,Normal value,0,Units,0,Zero
DATAFLOW,OECD.ELS.SAE:DSD_EARNINGS@AV_AN_WAGE(1.0),Average annual wages,I,HUN,Hungary,WG,Wages,USD_PPP,"US dollars, PPP converted",A,Annual,Q,Constant prices,MEAN,Mean,_Z,Not applicable,2020,,27588,,2022,,A,Normal value,0,Units,0,Zero
DATAFLOW,OECD.ELS.SAE:DSD_EARNINGS@AV_AN_WAGE(1.0),Average annual wages,I,HUN,Hungary,WG,Wages,USD_PPP,"US dollars, PPP converted",A,Annual,Q,Constant prices,MEAN,Mean,_Z,Not applicable,2021,,28462.42341444,,2022,,A,Normal value,0,Units,0,Zero
DATAFLOW,OECD.ELS.SAE:DSD_EARNINGS@AV_AN_WAGE(1.0),Average annual wages,I,HUN,Hungary,WG,Wages,USD_PPP,"US dollars, PPP converted",A,Annual,Q,Constant prices,MEAN,Mean,_Z,Not applicable,2022,,28474.6432386423,,2022,,A,Normal value,0,Units,0,Zero
DATAFLOW,OECD.ELS.SAE:DSD_EARNINGS@AV_AN_WAGE(1.0),Average annual wages,I,PRT,Portugal,WG,Wages,USD_PPP,"US dollars, PPP converted",A,Annual,Q,Constant prices,MEAN,Mean,_Z,Not applicable,2020,,31300,,2022,,A,Normal value,0,Units,0,Zero
DATAFLOW,OECD.ELS.SAE:DSD_EARNINGS@AV_AN_WAGE(1.0),Average annual wages,I,PRT,Portugal,WG,Wages,USD_PPP,"US dollars, PPP converted",A,Annual,Q,Constant prices,MEAN,Mean,_Z,Not applicable,2021,,32089.3779752031,,2022,,A,Normal value,0,Units,0,Zero
DATAFLOW,OECD.ELS.SAE:DSD_EARNINGS@AV_AN_WAGE(1.0),Average annual wages,I,PRT,Portugal,WG,Wages,USD_PPP,"US dollars, PPP converted",A,Annual,Q,Constant prices,MEAN,Mean,_Z,Not applicable,2022,,31921.6599934728,,2022,,A,Normal value,0,Units,0,Zero
DATAFLOW,OECD.ELS.SAE:DSD_EARNINGS@AV_AN_WAGE(1.0),Average annual wages,I,GRC,Greece,WG,Wages,USD_PPP,"US dollars, PPP converted",A,Annual,Q,Constant prices,MEAN,Mean,_Z,Not applicable,2020,,27747,,2022,,A,Normal value,0,Units,0,Zero
DATAFLOW,OECD.ELS.SAE:DSD_EARNINGS@AV_AN_WAGE(1.0),Average annual wages,I,GRC,Greece,WG,Wages,USD_PPP,"US dollars, PPP converted",A,Annual,Q,Constant prices,MEAN,Mean,_Z,Not applicable,2021,,27659.571732801,,2022,,A,Normal value,0,Units,0,Zero
DATAFLOW,OECD.ELS.SAE:DSD_EARNINGS@AV_AN_WAGE(1.0),Average annual wages,I,GRC,Greece,WG,Wages,USD_PPP,"US dollars, PPP converted",A,Annual,Q,Constant prices,MEAN,Mean,_Z,Not applicable,2022,,25978.9792401445,,2022,,A,Normal value,0,Units,0,Zero
DATAFLOW,OECD.ELS.SAE:DSD_EARNINGS@AV_AN_WAGE(1.0),Average annual wages,I,GBR,United Kingdom,WG,Wages,USD_PPP,"US dollars, PPP converted",A,Annual,Q,Constant prices,MEAN,Mean,_Z,Not applicable,2020,,53612,,2022,,A,Normal value,0,Units,0,Zero
DATAFLOW,OECD.ELS.SAE:DSD_EARNINGS@AV_AN_WAGE(1.0),Average annual wages,I,GBR,United Kingdom,WG,Wages,USD_PPP,"US dollars, PPP converted",A,Annual,Q,Constant prices,MEAN,Mean,_Z,Not applicable,2021,,54762.303325297,,2022,,A,Normal value,0,Units,0,Zero
DATAFLOW,OECD.ELS.SAE:DSD_EARNINGS@AV_AN_WAGE(1.0),Average annual wages,I,GBR,United Kingdom,WG,Wages,USD_PPP,"US dollars, PPP converted",A,Annual,Q,Constant prices,MEAN,Mean,_Z,Not applicable,2022,,53985.0604733962,,2022,,A,Normal value,0,Units,0,Zero
DATAFLOW,OECD.ELS.SAE:DSD_EARNINGS@AV_AN_WAGE(1.0),Average annual wages,I,USA,United States,WG,Wages,USD_PPP,"US dollars, PPP converted",A,Annual,Q,Constant prices,MEAN,Mean,_Z,Not applicable,2020,,77567,,2022,,A,Normal value,0,Units,0,Zero
DATAFLOW,OECD.ELS.SAE:DSD_EARNINGS@AV_AN_WAGE(1.0),Average annual wages,I,USA,United States,WG,Wages,USD_PPP,"US dollars, PPP converted",A,Annual,Q,Constant prices,MEAN,Mean,_Z,Not applicable,2021,,78894.280607394,,2022,,A,Normal value,0,Units,0,Zero
DATAFLOW,OECD.ELS.SAE:DSD_EARNINGS@AV_AN_WAGE(1.0),Average annual wages,I,USA,United States,WG,Wages,USD_PPP,"US dollars, PPP converted",A,Annual,Q,Constant prices,MEAN,Mean,_Z,Not applicable,2022,,77463.4730245547,,2022,,A,Normal value,0,Units,0,Zero
DATAFLOW,OECD.ELS.SAE:DSD_EARNINGS@AV_AN_WAGE(1.0),Average annual wages,I,LVA,Latvia,WG,Wages,USD_PPP,"US dollars, PPP converted",A,Annual,Q,Constant prices,MEAN,Mean,_Z,Not applicable,2020,,33199,,2022,,A,Normal value,0,Units,0,Zero
DATAFLOW,OECD.ELS.SAE:DSD_EARNINGS@AV_AN_WAGE(1.0),Average annual wages,I,LVA,Latvia,WG,Wages,USD_PPP,"US dollars, PPP converted",A,Annual,Q,Constant prices,MEAN,Mean,_Z,Not applicable,2021,,35923.0630482097,,2022,,A,Normal value,0,Units,0,Zero
DATAFLOW,OECD.ELS.SAE:DSD_EARNINGS@AV_AN_WAGE(1.0),Average annual wages,I,LVA,Latvia,WG,Wages,USD_PPP,"US dollars, PPP converted",A,Annual,Q,Constant prices,MEAN,Mean,_Z,Not applicable,2022,,34136.1548723268,,2022,,A,Normal value,0,Units,0,Zero
DATAFLOW,OECD.ELS.SAE:DSD_EARNINGS@AV_AN_WAGE(1.0),Average annual wages,I,LTU,Lithuania,WG,Wages,USD_PPP,"US dollars, PPP converted",A,Annual,Q,Constant prices,MEAN,Mean,_Z,Not applicable,2020,,44228,,2022,,A,Normal value,0,Units,0,Zero
DATAFLOW,OECD.ELS.SAE:DSD_EARNINGS@AV_AN_WAGE(1.0),Average annual wages,I,LTU,Lithuania,WG,Wages,USD_PPP,"US dollars, PPP converted",A,Annual,Q,Constant prices,MEAN,Mean,_Z,Not applicable,2021,,47035.4439005045,,2022,,A,Normal value,0,Units,0,Zero
DATAFLOW,OECD.ELS.SAE:DSD_EARNINGS@AV_AN_WAGE(1.0),Average annual wages,I,LTU,Lithuania,WG,Wages,USD_PPP,"US dollars, PPP converted",A,Annual,Q,Constant prices,MEAN,Mean,_Z,Not applicable,2022,,43874.581550348,,2022,,A,Normal value,0,Units,0,Zero
DATAFLOW,OECD.ELS.SAE:DSD_EARNINGS@AV_AN_WAGE(1.0),Average annual wages,I,AUS,Australia,WG,Wages,USD_PPP,"US dollars, PPP converted",A,Annual,Q,Constant prices,MEAN,Mean,_Z,Not applicable,2020,,60377,,2022,,A,Normal value,0,Units,0,Zero
DATAFLOW,OECD.ELS.SAE:DSD_EARNINGS@AV_AN_WAGE(1.0),Average annual wages,I,AUS,Australia,WG,Wages,USD_PPP,"US dollars, PPP converted",A,Annual,Q,Constant prices,MEAN,Mean,_Z,Not applicable,2021,,60681.4985470798,,2022,,A,Normal value,0,Units,0,Zero
DATAFLOW,OECD.ELS.SAE:DSD_EARNINGS@AV_AN_WAGE(1.0),Average annual wages,I,AUS,Australia,WG,Wages,USD_PPP,"US dollars, PPP converted",A,Annual,Q,Constant prices,MEAN,Mean,_Z,Not applicable,2022,,59407.8899794982,,2022,,A,Normal value,0,Units,0,Zero
DATAFLOW,OECD.ELS.SAE:DSD_EARNINGS@AV_AN_WAGE(1.0),Average annual wages,I,DNK,Denmark,WG,Wages,USD_PPP,"US dollars, PPP converted",A,Annual,Q,Constant prices,MEAN,Mean,_Z,Not applicable,2020,,66203,,2022,,A,Normal value,0,Units,0,Zero
DATAFLOW,OECD.ELS.SAE:DSD_EARNINGS@AV_AN_WAGE(1.0),Average annual wages,I,DNK,Denmark,WG,Wages,USD_PPP,"US dollars, PPP converted",A,Annual,Q,Constant prices,MEAN,Mean,_Z,Not applicable,2021,,66503.047789185,,2022,,A,Normal value,0,Units,0,Zero
DATAFLOW,OECD.ELS.SAE:DSD_EARNINGS@AV_AN_WAGE(1.0),Average annual wages,I,DNK,Denmark,WG,Wages,USD_PPP,"US dollars, PPP converted",A,Annual,Q,Constant prices,MEAN,Mean,_Z,Not applicable,2022,,64126.6516163185,,2022,,A,Normal value,0,Units,0,Zero
DATAFLOW,OECD.ELS.SAE:DSD_EARNINGS@AV_AN_WAGE(1.0),Average annual wages,I,LUX,Luxembourg,WG,Wages,USD_PPP,"US dollars, PPP converted",A,Annual,Q,Constant prices,MEAN,Mean,_Z,Not applicable,2020,,74839,,2022,,A,Normal value,0,Units,0,Zero
DATAFLOW,OECD.ELS.SAE:DSD_EARNINGS@AV_AN_WAGE(1.0),Average annual wages,I,LUX,Luxembourg,WG,Wages,USD_PPP,"US dollars, PPP converted",A,Annual,Q,Constant prices,MEAN,Mean,_Z,Not applicable,2021,,79018.9025259162,,2022,,A,Normal value,0,Units,0,Zero
DATAFLOW,OECD.ELS.SAE:DSD_EARNINGS@AV_AN_WAGE(1.0),Average annual wages,I,LUX,Luxembourg,WG,Wages,USD_PPP,"US dollars, PPP converted",A,Annual,Q,Constant prices,MEAN,Mean,_Z,Not applicable,2022,,78310.1451192439,,2022,,A,Normal value,0,Units,0,Zero
DATAFLOW,OECD.ELS.SAE:DSD_EARNINGS@AV_AN_WAGE(1.0),Average annual wages,I,NOR,Norway,WG,Wages,USD_PPP,"US dollars, PPP converted",A,Annual,Q,Constant prices,MEAN,Mean,_Z,Not applicable,2020,,52415,,2022,,A,Normal value,0,Units,0,Zero
DATAFLOW,OECD.ELS.SAE:DSD_EARNINGS@AV_AN_WAGE(1.0),Average annual wages,I,NOR,Norway,WG,Wages,USD_PPP,"US dollars, PPP converted",A,Annual,Q,Constant prices,MEAN,Mean,_Z,Not applicable,2021,,53813.2071587588,,2022,,A,Normal value,0,Units,0,Zero
DATAFLOW,OECD.ELS.SAE:DSD_EARNINGS@AV_AN_WAGE(1.0),Average annual wages,I,NOR,Norway,WG,Wages,USD_PPP,"US dollars, PPP converted",A,Annual,Q,Constant prices,MEAN,Mean,_Z,Not applicable,2022,,53755.9403720413,,2022,,A,Normal value,0,Units,0,Zero
DATAFLOW,OECD.ELS.SAE:DSD_EARNINGS@AV_AN_WAGE(1.0),Average annual wages,I,SVN,Slovenia,WG,Wages,USD_PPP,"US dollars, PPP converted",A,Annual,Q,Constant prices,MEAN,Mean,_Z,Not applicable,2020,,48605,,2022,,A,Normal value,0,Units,0,Zero
DATAFLOW,OECD.ELS.SAE:DSD_EARNINGS@AV_AN_WAGE(1.0),Average annual wages,I,SVN,Slovenia,WG,Wages,USD_PPP,"US dollars, PPP converted",A,Annual,Q,Constant prices,MEAN,Mean,_Z,Not applicable,2021,,50466.6879441415,,2022,,A,Normal value,0,Units,0,Zero
DATAFLOW,OECD.ELS.SAE:DSD_EARNINGS@AV_AN_WAGE(1.0),Average annual wages,I,SVN,Slovenia,WG,Wages,USD_PPP,"US dollars, PPP converted",A,Annual,Q,Constant prices,MEAN,Mean,_Z,Not applicable,2022,,47203.6274349093,,2022,,A,Normal value,0,Units,0,Zero
DATAFLOW,OECD.ELS.SAE:DSD_EARNINGS@AV_AN_WAGE(1.0),Average annual wages,I,AUT,Austria,WG,Wages,USD_PPP,"US dollars, PPP converted",A,Annual,Q,Constant prices,MEAN,Mean,_Z,Not applicable,2020,,64648,,2022,,A,Normal value,0,Units,0,Zero
DATAFLOW,OECD.ELS.SAE:DSD_EARNINGS@AV_AN_WAGE(1.0),Average annual wages,I,AUT,Austria,WG,Wages,USD_PPP,"US dollars, PPP converted",A,Annual,Q,Constant prices,MEAN,Mean,_Z,Not applicable,2021,,65402.3162965476,,2022,,A,Normal value,0,Units,0,Zero
DATAFLOW,OECD.ELS.SAE:DSD_EARNINGS@AV_AN_WAGE(1.0),Average annual wages,I,AUT,Austria,WG,Wages,USD_PPP,"US dollars, PPP converted",A,Annual,Q,Constant prices,MEAN,Mean,_Z,Not applicable,2022,,63801.6204977341,,2022,,A,Normal value,0,Units,0,Zero
DATAFLOW,OECD.ELS.SAE:DSD_EARNINGS@AV_AN_WAGE(1.0),Average annual wages,I,MEX,Mexico,WG,Wages,USD_PPP,"US dollars, PPP converted",A,Annual,Q,Constant prices,MEAN,Mean,_Z,Not applicable,2020,,17467,,2022,,A,Normal value,0,Units,0,Zero
DATAFLOW,OECD.ELS.SAE:DSD_EARNINGS@AV_AN_WAGE(1.0),Average annual wages,I,MEX,Mexico,WG,Wages,USD_PPP,"US dollars, PPP converted",A,Annual,Q,Constant prices,MEAN,Mean,_Z,Not applicable,2021,,17637.0555458369,,2022,,A,Normal value,0,Units,0,Zero
DATAFLOW,OECD.ELS.SAE:DSD_EARNINGS@AV_AN_WAGE(1.0),Average annual wages,I,MEX,Mexico,WG,Wages,USD_PPP,"US dollars, PPP converted",A,Annual,Q,Constant prices,MEAN,Mean,_Z,Not applicable,2022,,16685.3714700068,,2022,,A,Normal value,0,Units,0,Zero
DATAFLOW,OECD.ELS.SAE:DSD_EARNINGS@AV_AN_WAGE(1.0),Average annual wages,I,CAN,Canada,WG,Wages,USD_PPP,"US dollars, PPP converted",A,Annual,Q,Constant prices,MEAN,Mean,_Z,Not applicable,2020,,59160,,2022,,A,Normal value,0,Units,0,Zero
DATAFLOW,OECD.ELS.SAE:DSD_EARNINGS@AV_AN_WAGE(1.0),Average annual wages,I,CAN,Canada,WG,Wages,USD_PPP,"US dollars, PPP converted",A,Annual,Q,Constant prices,MEAN,Mean,_Z,Not applicable,2021,,59568.7827892649,,2022,,A,Normal value,0,Units,0,Zero
DATAFLOW,OECD.ELS.SAE:DSD_EARNINGS@AV_AN_WAGE(1.0),Average annual wages,I,CAN,Canada,WG,Wages,USD_PPP,"US dollars, PPP converted",A,Annual,Q,Constant prices,MEAN,Mean,_Z,Not applicable,2022,,59050.4072819159,,2022,,A,Normal value,0,Units,0,Zero
DATAFLOW,OECD.ELS.SAE:DSD_EARNINGS@AV_AN_WAGE(1.0),Average annual wages,I,CZE,Czechia,WG,Wages,USD_PPP,"US dollars, PPP converted",A,Annual,Q,Constant prices,MEAN,Mean,_Z,Not applicable,2020,,35552,,2022,,A,Normal value,0,Units,0,Zero
DATAFLOW,OECD.ELS.SAE:DSD_EARNINGS@AV_AN_WAGE(1.0),Average annual wages,I,CZE,Czechia,WG,Wages,USD_PPP,"US dollars, PPP converted",A,Annual,Q,Constant prices,MEAN,Mean,_Z,Not applicable,2021,,36269.7079920766,,2022,,A,Normal value,0,Units,0,Zero
DATAFLOW,OECD.ELS.SAE:DSD_EARNINGS@AV_AN_WAGE(1.0),Average annual wages,I,CZE,Czechia,WG,Wages,USD_PPP,"US dollars, PPP converted",A,Annual,Q,Constant prices,MEAN,Mean,_Z,Not applicable,2022,,33475.5197359288,,2022,,A,Normal value,0,Units,0,Zero
DATAFLOW,OECD.ELS.SAE:DSD_EARNINGS@AV_AN_WAGE(1.0),Average annual wages,I,POL,Poland,WG,Wages,USD_PPP,"US dollars, PPP converted",A,Annual,Q,Constant prices,MEAN,Mean,_Z,Not applicable,2020,,37325,,2022,,A,Normal value,0,Units,0,Zero
DATAFLOW,OECD.ELS.SAE:DSD_EARNINGS@AV_AN_WAGE(1.0),Average annual wages,I,POL,Poland,WG,Wages,USD_PPP,"US dollars, PPP converted",A,Annual,Q,Constant prices,MEAN,Mean,_Z,Not applicable,2021,,37126.6934562862,,2022,,A,Normal value,0,Units,0,Zero
DATAFLOW,OECD.ELS.SAE:DSD_EARNINGS@AV_AN_WAGE(1.0),Average annual wages,I,POL,Poland,WG,Wages,USD_PPP,"US dollars, PPP converted",A,Annual,Q,Constant prices,MEAN,Mean,_Z,Not applicable,2022,,36896.5592419597,,2022,,A,Normal value,0,Units,0,Zero
DATAFLOW,OECD.ELS.SAE:DSD_EARNINGS@AV_AN_WAGE(1.0),Average annual wages,I,SVK,Slovak Republic,WG,Wages,USD_PPP,"US dollars, PPP converted",A,Annual,Q,Constant prices,MEAN,Mean,_Z,Not applicable,2020,,27052,,2022,,A,Normal value,0,Units,0,Zero
DATAFLOW,OECD.ELS.SAE:DSD_EARNINGS@AV_AN_WAGE(1.0),Average annual wages,I,SVK,Slovak Republic,WG,Wages,USD_PPP,"US dollars, PPP converted",A,Annual,Q,Constant prices,MEAN,Mean,_Z,Not applicable,2021,,27546.5790360663,,2022,,A,Normal value,0,Units,0,Zero
DATAFLOW,OECD.ELS.SAE:DSD_EARNINGS@AV_AN_WAGE(1.0),Average annual wages,I,SVK,Slovak Republic,WG,Wages,USD_PPP,"US dollars, PPP converted",A,Annual,Q,Constant prices,MEAN,Mean,_Z,Not applicable,2022,,26262.8435293797,,2022,,A,Normal value,0,Units,0,Zero
DATAFLOW,OECD.ELS.SAE:DSD_EARNINGS@AV_AN_WAGE(1.0),Average annual wages,I,NZL,New Zealand,WG,Wages,USD_PPP,"US dollars, PPP converted",A,Annual,Q,Constant prices,MEAN,Mean,_Z,Not applicable,2020,,51417,,2022,,A,Normal value,0,Units,0,Zero
DATAFLOW,OECD.ELS.SAE:DSD_EARNINGS@AV_AN_WAGE(1.0),Average annual wages,I,NZL,New Zealand,WG,Wages,USD_PPP,"US dollars, PPP converted",A,Annual,Q,Constant prices,MEAN,Mean,_Z,Not applicable,2021,,51877.3367043711,,2022,,A,Normal value,0,Units,0,Zero
DATAFLOW,OECD.ELS.SAE:DSD_EARNINGS@AV_AN_WAGE(1.0),Average annual wages,I,NZL,New Zealand,WG,Wages,USD_PPP,"US dollars, PPP converted",A,Annual,Q,Constant prices,MEAN,Mean,_Z,Not applicable,2022,,50722.4543013716,,2022,,A,Normal value,0,Units,0,Zero
DATAFLOW,OECD.ELS.SAE:DSD_EARNINGS@AV_AN_WAGE(1.0),Average annual wages,I,CRI,Costa Rica,WG,Wages,USD_PPP,"US dollars, PPP converted",A,Annual,Q,Constant prices,MEAN,Mean,_Z,Not applicable,2020,,31341,,,,A,Normal value,0,Units,0,Zero
DATAFLOW,OECD.ELS.SAE:DSD_EARNINGS@AV_AN_WAGE(1.0),Average annual wages,I,CRI,Costa Rica,WG,Wages,USD_PPP,"US dollars, PPP converted",A,Annual,Q,Constant prices,MEAN,Mean,_Z,Not applicable,2021,,31117.8342634137,,,,A,Normal value,0,Units,0,Zero
DATAFLOW,OECD.ELS.SAE:DSD_EARNINGS@AV_AN_WAGE(1.0),Average annual wages,I,CHL,Chile,WG,Wages,USD_PPP,"US dollars, PPP converted",A,Annual,Q,Constant prices,MEAN,Mean,_Z,Not applicable,2020,,31369,,2022,,A,Normal value,0,Units,0,Zero
DATAFLOW,OECD.ELS.SAE:DSD_EARNINGS@AV_AN_WAGE(1.0),Average annual wages,I,CHL,Chile,WG,Wages,USD_PPP,"US dollars, PPP converted",A,Annual,Q,Constant prices,MEAN,Mean,_Z,Not applicable,2021,,33042.3321032483,,2022,,A,Normal value,0,Units,0,Zero
DATAFLOW,OECD.ELS.SAE:DSD_EARNINGS@AV_AN_WAGE(1.0),Average annual wages,I,COL,Colombia,WG,Wages,USD_PPP,"US dollars, PPP converted",A,Annual,Q,Constant prices,MEAN,Mean,_Z,Not applicable,2020,,24681,,,,A,Normal value,0,Units,0,Zero
DATAFLOW,OECD.ELS.SAE:DSD_EARNINGS@AV_AN_WAGE(1.0),Average annual wages,I,COL,Colombia,WG,Wages,USD_PPP,"US dollars, PPP converted",A,Annual,Q,Constant prices,MEAN,Mean,_Z,Not applicable,2021,,22248.491555719,,,,A,Normal value,0,Units,0,Zero
